Number,Name,URLLink,Team,Country,AgeDate,Weight,Height,Contract,Rookie,PProtected,NoApplyRerate,AvailableforTrade,NoTrade,CanPlayPro,CanPlayFarm,ForceWaiver,StarPower,Salary1,Salary2,Salary3,Salary4,Salary5,Salary6,Salary7,Salary8,Salary9,Salary10,Injury,NumberOfInjury,Condition,Suspension,Status1,Status2,Status3,Status4,Status5,Status6,Status7,Status8,Status9,Status10,SK,DU,EN,SZ,AG,RB,SC,HS,RT,PH,PS,EX,LD,PO,MO,Overall,ProGP,ProSecPlay,ProW,ProL,ProOTL,ProShutout,ProGA,ProSA,ProSARebound,ProPim,ProA,ProPenalityShotsShots,ProPenalityShotsGoals,ProStartGoaler,ProBackupGoaler,ProEmptyNetGoal,ProStar(1),ProStar(2),ProStar(3),ProStarPower7Days,ProStarPower30Days,ProStarPowerYear,FarmGp,FarmSecPlay,FarmW,FarmL,FarmOTL,FarmShutout,FarmGA,FarmSA,FarmSARebound,FarmPim,FarmA,FarmPenalityShotsShots,FarmPenalityShotsGoals,FarmStartGoaler,FarmBackupGoaler,FarmEmptyNetGoal,FarmStar(1),FarmStar(2),FarmStar(3),FarmStarPower7Days,FarmStarPower30Days,FarmStarPowerYear,ExcludeFromPayroll
0,Aaron Dell,https://www.nhl.com/player/8477180,0,CAN,1989-05-04,213,72,4,False,False,False,False,False,True,True,False,0,3904876,3904876,3904876,3904876,0,0,0,0,0,0,,0,100,0,0,0,0,0,0,0,0,0,0,0,69,75,69,77,68,67,69,68,67,69,68,76,90,21,40,70,0,0,0,0,0,0,0,0,0,0,0,0,0,0,0,0,0,0,0,0,0,0,0,0,0,0,0,0,0,0,0,0,0,0,0,0,0,0,0,0,0,0,0,0,False
1,Adam Scheel,https://www.nhl.com/player/8482642,0,USA,1999-05-01,192,75,2,False,False,False,False,False,True,True,False,0,2601597,2601597,0,0,0,0,0,0,0,0,,0,100,0,0,0,0,0,0,0,0,0,0,0,74,81,77,82,73,72,74,73,72,74,73,66,75,42,40,72,0,0,0,0,0,0,0,0,0,0,0,0,0,0,0,0,0,0,0,0,0,0,0,0,0,0,0,0,0,0,0,0,0,0,0,0,0,0,0,0,0,0,0,0,False
2,Adin Hill,https://www.nhl.com/player/8478499,30,CAN,1996-05-11,215,76,1,False,False,False,False,False,True,True,False,0,6698304,0,0,0,0,0,0,0,0,0,,0,100,0,3,0,0,0,0,0,0,0,0,0,94,87,82,89,93,93,95,94,93,94,93,72,83,53,47,87,4,14649,2,2,0,0,10,107,59,0,0,4,0,4,0,0,0,1,0,40,460,460,0,0,0,0,0,0,0,0,0,0,0,0,0,0,0,0,0,0,0,0,0,0,False
3,Akira Schmid,https://www.nhl.com/player/8481033,30,CHE,2000-05-12,190,77,4,False,False,False,False,False,True,True,False,0,2269712,2269712,2269712,2269712,0,0,0,0,0,0,,0,99,0,1,0,0,0,0,0,0,0,0,0,78,86,82,87,77,76,78,77,76,78,77,65,73,55,38,76,0,0,0,0,0,0,0,0,0,0,0,0,0,0,0,0,0,0,0,0,0,0,5,16678,2,3,0,0,24,134,68,0,1,0,0,5,0,0,0,0,0,0,360,360,False
4,Aleksei Kolosov,https://www.nhl.com/player/8482783,21,BLR,2002-01-04,185,73,2,False,False,False,False,False,True,True,False,0,2730813,2730813,0,0,0,0,0,0,0,0,,0,100,0,1,0,0,0,0,0,0,0,0,0,74,77,73,74,73,72,74,73,72,74,73,63,69,64,41,71,0,0,0,0,0,0,0,0,0,0,0,0,0,0,0,0,0,0,0,0,0,0,3,10841,1,0,2,1,6,51,29,0,0,0,0,3,0,0,0,0,1,0,550,550,False
5,Ales Stezka,https://www.nhl.com/player/8478848,0,CZE,1997-01-06,190,76,5,False,False,False,False,False,True,True,False,0,2832827,2832827,2832827,2832827,2832827,0,0,0,0,0,,0,100,0,0,0,0,0,0,0,0,0,0,0,75,81,76,84,74,73,75,74,73,75,74,68,81,55,40,74,0,0,0,0,0,0,0,0,0,0,0,0,0,0,0,0,0,0,0,0,0,0,0,0,0,0,0,0,0,0,0,0,0,0,0,0,0,0,0,0,0,0,0,0,False
6,Alex Lyon,https://www.nhl.com/player/8479312,10,USA,1992-12-09,196,73,2,False,False,False,False,False,True,True,False,0,6192638,6192638,0,0,0,0,0,0,0,0,,0,100,0,1,0,0,0,0,0,0,0,0,0,91,85,80,77,90,90,92,91,89,91,90,74,87,52,55,85,0,0,0,0,0,0,0,0,0,0,0,0,0,0,0,0,0,0,0,0,0,0,4,14700,4,0,0,2,7,106,62,0,1,3,0,4,0,0,2,0,0,615,1995,1995,False
7,Alex Nedeljkovic,https://www.nhl.com/player/8477968,22,USA,1996-01-07,203,72,4,False,False,False,False,False,True,True,False,0,3738730,3738730,3738730,3738730,0,0,0,0,0,0,,0,99,0,3,0,0,0,0,0,0,0,0,0,90,86,81,80,89,88,90,89,88,90,89,72,83,62,43,84,4,13236,2,2,0,0,16,114,61,0,0,0,0,4,0,0,1,0,0,40,440,440,0,0,0,0,0,0,0,0,0,0,0,0,0,0,0,0,0,0,0,0,0,0,False
8,Alexandar Georgiev,https://www.nhl.com/player/8480382,23,RUS,1996-02-10,178,73,4,False,False,False,False,False,True,True,False,0,5881855,5881855,5881855,5881855,0,0,0,0,0,0,,0,99,0,3,0,0,0,0,0,0,0,0,0,91,93,88,73,90,90,91,90,89,91,90,75,83,56,43,85,3,11100,1,1,1,0,7,94,59,0,0,3,1,3,0,0,0,1,0,240,540,540,0,0,0,0,0,0,0,0,0,0,0,0,0,0,0,0,0,0,0,0,0,0,False
9,Andrei Vasilevskiy,https://www.nhl.com/player/8476883,26,RUS,1994-07-25,228,76,5,False,False,False,False,False,True,True,False,0,5836987,5836987,5836987,5836987,5836987,0,0,0,0,0,,0,100,0,3,0,0,0,0,0,0,0,0,0,96,93,88,92,95,94,96,95,94,96,95,83,85,65,48,90,4,11746,3,0,0,0,12,102,55,0,1,0,0,4,0,0,0,0,1,0,420,420,0,0,0,0,0,0,0,0,0,0,0,0,0,0,0,0,0,0,0,0,0,0,False
10,Anthony Stolarz,https://www.nhl.com/player/8476932,27,USA,1994-01-20,243,78,4,False,False,False,False,False,True,True,False,0,6464476,6464476,6464476,6464476,0,0,0,0,0,0,,0,99,0,3,0,0,0,0,0,0,0,0,0,95,83,78,98,94,94,96,95,94,95,94,73,85,57,54,89,4,14400,4,0,0,0,7,112,45,0,0,0,0,4,0,0,0,0,2,520,1120,1120,0,0,0,0,0,0,0,0,0,0,0,0,0,0,0,0,0,0,0,0,0,0,False
11,Anton Forsberg,https://www.nhl.com/player/8476341,20,SWE,1992-11-27,198,75,3,False,False,False,False,False,True,True,False,0,5449296,5449296,5449296,0,0,0,0,0,0,0,,0,99,0,3,0,0,0,0,0,0,0,0,0,88,82,77,83,87,86,88,87,86,88,87,76,87,52,36,83,1,1850,0,0,0,0,3,28,18,0,0,0,0,0,4,0,0,0,0,0,0,0,0,0,0,0,0,0,0,0,0,0,0,0,0,0,0,0,0,0,0,0,0,0,False
12,Artur Akhtyamov,https://www.nhl.com/player/8482515,0,RUS,2001-10-31,170,74,3,False,False,False,False,False,True,True,False,0,1655182,1655182,1655182,0,0,0,0,0,0,0,,0,100,0,0,0,0,0,0,0,0,0,0,0,72,76,72,74,71,70,72,71,70,72,71,64,71,59,40,70,0,0,0,0,0,0,0,0,0,0,0,0,0,0,0,0,0,0,0,0,0,0,0,0,0,0,0,0,0,0,0,0,0,0,0,0,0,0,0,0,0,0,0,0,False
13,Arturs Silovs,https://www.nhl.com/player/8481668,29,LVA,2001-03-22,203,76,4,False,False,False,False,False,True,True,False,0,2562112,2562112,2562112,2562112,0,0,0,0,0,0,,0,100,0,1,0,0,0,0,0,0,0,0,0,77,84,80,87,76,75,77,76,75,77,76,64,71,58,43,75,0,0,0,0,0,0,0,0,0,0,0,0,0,0,0,0,0,0,0,0,0,0,0,0,0,0,0,0,0,0,0,0,0,0,0,0,3,0,0,0,0,0,0,0,False
14,Arvid Soderblom,https://www.nhl.com/player/8482821,6,SWE,1999-08-19,180,75,1,False,False,False,False,False,True,True,False,0,2736500,0,0,0,0,0,0,0,0,0,,0,100,0,3,0,0,0,0,0,0,0,0,0,86,84,80,79,85,84,86,85,84,86,85,67,75,59,32,80,5,15557,0,3,2,0,18,107,51,0,0,0,0,5,0,0,0,0,0,0,0,0,0,0,0,0,0,0,0,0,0,0,0,0,0,0,0,0,0,0,0,0,0,0,False
15,Benjamin Gaudreau,https://www.nhl.com/player/8482729,0,CAN,2003-01-11,175,74,5,False,False,False,False,False,True,True,False,0,2288210,2288210,2288210,2288210,2288210,0,0,0,0,0,,0,100,0,0,0,0,0,0,0,0,0,0,0,64,71,67,75,63,62,64,63,62,64,63,62,67,65,40,64,0,0,0,0,0,0,0,0,0,0,0,0,0,0,0,0,0,0,0,0,0,0,0,0,0,0,0,0,0,0,0,0,0,0,0,0,0,0,0,0,0,0,0,0,False
16,Benjamin Kraws,https://www.nhl.com/player/8484835,0,USA,2000-08-02,194,77,2,False,False,False,False,False,True,True,False,0,1595737,1595737,0,0,0,0,0,0,0,0,,0,100,0,0,0,0,0,0,0,0,0,0,0,68,72,68,88,67,66,68,67,66,68,67,65,73,42,40,68,0,0,0,0,0,0,0,0,0,0,0,0,0,0,0,0,0,0,0,0,0,0,0,0,0,0,0,0,0,0,0,0,0,0,0,0,0,0,0,0,0,0,0,0,False
17,Brandon Bussi,https://www.nhl.com/player/8483548,0,USA,1998-06-25,209,77,3,False,False,False,False,False,True,True,False,0,2222909,2222909,2222909,0,0,0,0,0,0,0,,0,100,0,0,0,0,0,0,0,0,0,0,0,77,85,81,91,76,75,77,76,75,77,76,67,77,37,40,76,0,0,0,0,0,0,0,0,0,0,0,0,0,0,0,0,0,0,0,0,0,0,0,0,0,0,0,0,0,0,0,0,0,0,0,0,0,0,0,0,0,0,0,0,False
18,Brandon Halverson,https://www.nhl.com/player/8477990,0,USA,1996-03-29,235,77,3,False,False,False,False,False,True,True,False,0,4889378,4889378,4889378,0,0,0,0,0,0,0,,0,100,0,0,0,0,0,0,0,0,0,0,0,76,82,77,96,75,74,76,75,74,76,75,69,83,55,40,76,0,0,0,0,0,0,0,0,0,0,0,0,0,0,0,0,0,0,0,0,0,0,0,0,0,0,0,0,0,0,0,0,0,0,0,0,0,0,0,0,0,0,0,0,False
19,Brett Brochu,https://www.nhl.com/player/8482588,0,CAN,2002-09-09,161,71,3,False,False,False,False,False,True,True,False,0,1832637,1832637,1832637,0,0,0,0,0,0,0,,0,100,0,0,0,0,0,0,0,0,0,0,0,70,72,68,70,69,68,70,69,68,70,69,63,69,45,40,67,0,0,0,0,0,0,0,0,0,0,0,0,0,0,0,0,0,0,0,0,0,0,0,0,0,0,0,0,0,0,0,0,0,0,0,0,0,0,0,0,0,0,0,0,False
20,Cal Petersen,https://www.nhl.com/player/8477361,0,USA,1994-10-19,185,74,3,False,False,False,False,False,True,True,False,0,4607119,4607119,4607119,0,0,0,0,0,0,0,,0,100,0,0,0,0,0,0,0,0,0,0,0,75,83,78,77,74,73,75,74,73,75,74,72,85,52,40,74,0,0,0,0,0,0,0,0,0,0,0,0,0,0,0,0,0,0,0,0,0,0,0,0,0,0,0,0,0,0,0,0,0,0,0,0,0,0,0,0,0,0,0,0,False
21,Calle Clang,https://www.nhl.com/player/8482477,0,SWE,2002-05-20,194,74,2,False,False,False,False,False,True,True,False,0,2273303,2273303,0,0,0,0,0,0,0,0,,0,100,0,0,0,0,0,0,0,0,0,0,0,73,83,79,79,72,71,73,72,71,73,72,63,69,65,40,71,0,0,0,0,0,0,0,0,0,0,0,0,0,0,0,0,0,0,0,0,0,0,0,0,0,0,0,0,0,0,0,0,0,0,0,0,0,0,0,0,0,0,0,0,False
22,Callum Tung,https://www.nhl.com/player/8485489,0,CAN,2003-11-23,198,75,2,False,False,False,False,False,True,True,False,0,2652230,2652230,0,0,0,0,0,0,0,0,,0,100,0,0,0,0,0,0,0,0,0,0,0,67,70,66,83,66,65,67,66,65,67,66,62,67,45,40,66,0,0,0,0,0,0,0,0,0,0,0,0,0,0,0,0,0,0,0,0,0,0,0,0,0,0,0,0,0,0,0,0,0,0,0,0,0,0,0,0,0,0,0,0,False
23,Calvin Pickard,https://www.nhl.com/player/8475717,11,CAN,1992-04-15,206,73,4,False,False,False,False,False,True,True,False,0,5261212,5261212,5261212,5261212,0,0,0,0,0,0,,0,100,0,3,0,0,0,0,0,0,0,0,0,88,83,78,79,87,86,88,87,86,88,87,75,87,50,46,82,0,0,0,0,0,0,0,0,0,0,0,0,0,0,3,0,0,0,0,0,0,0,0,0,0,0,0,0,0,0,0,0,0,0,0,0,0,0,0,0,0,0,0,0,False
24,Cam Talbot,https://www.nhl.com/player/8475660,10,CAN,1987-07-05,200,76,1,False,False,False,False,False,True,True,False,0,7679319,0,0,0,0,0,0,0,0,0,,0,97,0,3,0,0,0,0,0,0,0,0,0,93,91,85,86,92,91,93,92,91,93,92,87,92,47,41,88,4,14476,1,2,1,0,14,124,59,0,0,0,0,4,0,0,0,0,0,0,0,0,0,0,0,0,0,0,0,0,0,0,0,0,0,0,0,0,0,0,0,0,0,0,False
25,Cameron Whitehead,https://www.nhl.com/player/8483523,0,CAN,2003-06-13,170,75,2,False,False,False,False,False,True,True,False,0,1552898,1552898,0,0,0,0,0,0,0,0,,0,100,0,0,0,0,0,0,0,0,0,0,0,61,71,67,77,60,59,61,60,59,61,60,62,67,58,40,62,0,0,0,0,0,0,0,0,0,0,0,0,0,0,0,0,0,0,0,0,0,0,0,0,0,0,0,0,0,0,0,0,0,0,0,0,0,0,0,0,0,0,0,0,False
26,Carl Lindbom,https://www.nhl.com/player/8482761,0,SWE,2003-05-20,165,72,3,False,False,False,False,False,True,True,False,0,3348775,3348775,3348775,0,0,0,0,0,0,0,,0,100,0,0,0,0,0,0,0,0,0,0,0,77,78,74,70,76,75,77,76,75,77,76,62,67,49,40,72,0,0,0,0,0,0,0,0,0,0,0,0,0,0,0,0,0,0,0,0,0,0,0,0,0,0,0,0,0,0,0,0,0,0,0,0,0,0,0,0,0,0,0,0,False
27,Carter George,https://www.nhl.com/player/8484857,0,CAN,2006-05-20,196,73,3,False,False,False,False,False,True,True,False,0,3243711,3243711,3243711,0,0,0,0,0,0,0,,0,100,0,0,0,0,0,0,0,0,0,0,0,75,70,67,73,74,73,75,74,73,75,74,60,61,71,40,70,0,0,0,0,0,0,0,0,0,0,0,0,0,0,0,0,0,0,0,0,0,0,0,0,0,0,0,0,0,0,0,0,0,0,0,0,0,0,0,0,0,0,0,0,False
28,Carter Gylander,https://www.nhl.com/player/8481757,0,CAN,2001-06-05,170,76,3,False,False,False,False,False,True,True,False,0,2309087,2309087,2309087,0,0,0,0,0,0,0,,0,100,0,0,0,0,0,0,0,0,0,0,0,68,71,67,80,67,66,68,67,66,68,67,64,71,48,40,67,0,0,0,0,0,0,0,0,0,0,0,0,0,0,0,0,0,0,0,0,0,0,0,0,0,0,0,0,0,0,0,0,0,0,0,0,0,0,0,0,0,0,0,0,False
29,Casey DeSmith,https://www.nhl.com/player/8479193,9,USA,1991-08-13,180,72,2,False,False,False,False,False,True,True,False,0,4082851,4082851,0,0,0,0,0,0,0,0,,0,100,0,3,0,0,0,0,0,0,0,0,0,90,82,76,70,89,88,90,89,88,90,89,76,88,51,47,83,0,0,0,0,0,0,0,0,0,0,0,0,0,0,3,0,0,0,0,0,0,0,0,0,0,0,0,0,0,0,0,0,0,0,0,0,0,0,0,0,0,0,0,0,False
30,Cayden Primeau,https://www.nhl.com/player/8480051,15,USA,1999-08-11,205,75,1,False,False,False,False,False,True,True,False,0,2250166,0,0,0,0,0,0,0,0,0,,0,100,0,3,0,0,0,0,0,0,0,0,0,82,82,78,84,81,79,81,80,79,82,81,66,75,56,38,77,1,956,0,0,0,0,2,3,0,0,0,0,0,0,4,0,0,0,0,0,0,0,0,0,0,0,0,0,0,0,0,0,0,0,0,0,0,0,0,0,0,0,0,0,False
31,Charlie Lindgren,https://www.nhl.com/player/8479292,31,USA,1993-12-18,190,74,2,False,False,False,False,False,True,True,False,0,4550567,4550567,0,0,0,0,0,0,0,0,,0,100,0,3,0,0,0,0,0,0,0,0,0,93,88,83,78,92,91,93,92,91,93,92,74,86,53,45,86,0,0,0,0,0,0,0,0,0,0,0,0,0,0,4,0,0,0,0,0,0,0,0,0,0,0,0,0,0,0,0,0,0,0,0,0,0,0,0,0,0,0,0,0,False
32,Chris Driedger,https://www.nhl.com/player/8476904,0,CAN,1994-05-18,208,76,4,False,False,False,False,False,True,True,False,0,2942847,2942847,2942847,2942847,0,0,0,0,0,0,,0,100,0,0,0,0,0,0,0,0,0,0,0,75,83,78,88,74,73,75,74,73,75,74,71,85,51,40,75,0,0,0,0,0,0,0,0,0,0,0,0,0,0,0,0,0,0,0,0,0,0,0,0,0,0,0,0,0,0,0,0,0,0,0,0,0,0,0,0,0,0,0,0,False
33,Clay Stevenson,https://www.nhl.com/player/8483532,0,CAN,1999-03-03,195,76,3,False,False,False,False,False,True,True,False,0,2680842,2680842,2680842,0,0,0,0,0,0,0,,0,100,0,0,0,0,0,0,0,0,0,0,0,77,84,80,85,76,75,77,76,75,77,76,66,75,55,40,75,0,0,0,0,0,0,0,0,0,0,0,0,0,0,0,0,0,0,0,0,0,0,0,0,0,0,0,0,0,0,0,0,0,0,0,0,0,0,0,0,0,0,0,0,False
34,Collin Delia,https://www.nhl.com/player/8480420,0,USA,1994-06-20,208,74,3,False,False,False,False,False,True,True,False,0,4541317,4541317,4541317,0,0,0,0,0,0,0,,0,100,0,0,0,0,0,0,0,0,0,0,0,72,82,77,82,71,70,72,71,70,72,71,71,85,34,40,72,0,0,0,0,0,0,0,0,0,0,0,0,0,0,0,0,0,0,0,0,0,0,0,0,0,0,0,0,0,0,0,0,0,0,0,0,0,0,0,0,0,0,0,0,False
35,Colten Ellis,https://www.nhl.com/player/8481551,0,CAN,2000-10-05,185,73,5,False,False,False,False,False,True,True,False,0,3542922,3542922,3542922,3542922,3542922,0,0,0,0,0,,0,100,0,0,0,0,0,0,0,0,0,0,0,77,82,78,74,76,75,77,76,75,77,76,65,73,60,40,73,0,0,0,0,0,0,0,0,0,0,0,0,0,0,0,0,0,0,0,0,0,0,0,0,0,0,0,0,0,0,0,0,0,0,0,0,0,0,0,0,0,0,0,0,False
36,Connor D. Murphy,https://www.nhl.com/player/8484121,0,USA,1998-09-01,201,76,4,False,False,False,False,False,True,True,False,0,2705114,2705114,2705114,2705114,0,0,0,0,0,0,,0,100,0,0,0,0,0,0,0,0,0,0,0,67,74,70,87,66,65,67,66,65,67,66,67,77,37,40,68,0,0,0,0,0,0,0,0,0,0,0,0,0,0,0,0,0,0,0,0,0,0,0,0,0,0,0,0,0,0,0,0,0,0,0,0,0,0,0,0,0,0,0,0,False
37,Connor Hellebuyck,https://www.nhl.com/player/8476945,32,USA,1993-05-19,207,76,4,False,False,False,False,False,True,True,False,0,5404080,5404080,5404080,5404080,0,0,0,0,0,0,,0,99,0,3,0,0,0,0,0,0,0,0,0,98,95,90,88,97,96,98,97,96,98,97,85,86,53,41,91,3,10782,1,2,0,0,13,99,48,0,0,0,0,3,0,0,0,0,0,0,0,0,0,0,0,0,0,0,0,0,0,0,0,0,0,0,0,0,0,0,0,0,0,0,False
38,Connor Hughes,https://www.nhl.com/player/8484968,0,CHE,1996-09-10,233,76,2,False,False,False,False,False,True,True,False,0,3023368,3023368,0,0,0,0,0,0,0,0,,0,100,0,0,0,0,0,0,0,0,0,0,0,74,76,71,93,73,72,74,73,72,74,73,69,83,36,40,74,0,0,0,0,0,0,0,0,0,0,0,0,0,0,0,0,0,0,0,0,0,0,0,0,0,0,0,0,0,0,0,0,0,0,0,0,0,0,0,0,0,0,0,0,False
39,Connor Ingram,https://www.nhl.com/player/8478971,28,CAN,1997-03-31,218,73,2,False,False,False,False,False,True,True,False,0,4914508,4914508,0,0,0,0,0,0,0,0,,0,100,0,3,0,0,0,0,0,0,0,0,0,90,85,80,81,89,88,90,89,88,90,89,69,81,53,42,83,1,1649,0,0,0,0,3,17,10,0,0,0,0,0,4,0,0,0,0,0,0,0,0,0,0,0,0,0,0,0,0,0,0,0,0,0,0,0,0,0,0,0,0,0,False
40,Cooper Black,https://www.nhl.com/player/8484900,0,USA,2001-06-14,223,80,3,False,False,False,False,False,True,True,False,0,1744595,1744595,1744595,0,0,0,0,0,0,0,,0,100,0,0,0,0,0,0,0,0,0,0,0,73,74,70,98,72,71,73,72,71,73,72,64,71,43,40,72,0,0,0,0,0,0,0,0,0,0,0,0,0,0,0,0,0,0,0,0,0,0,0,0,0,0,0,0,0,0,0,0,0,0,0,0,0,0,0,0,0,0,0,0,False
41,Damian Clara,https://www.nhl.com/player/8484391,0,ITA,2005-01-13,214,78,4,False,False,False,False,False,True,True,False,0,2639911,2639911,2639911,2639911,0,0,0,0,0,0,,0,100,0,0,0,0,0,0,0,0,0,0,0,63,70,67,95,62,61,63,62,61,63,62,60,63,69,40,65,0,0,0,0,0,0,0,0,0,0,0,0,0,0,0,0,0,0,0,0,0,0,0,0,0,0,0,0,0,0,0,0,0,0,0,0,0,0,0,0,0,0,0,0,False
42,Dan Vladar,https://www.nhl.com/player/8478435,4,CZE,1997-08-20,209,77,5,False,False,False,False,False,True,True,False,0,3789991,3789991,3789991,3789991,3789991,0,0,0,0,0,,0,100,0,3,0,0,0,0,0,0,0,0,0,85,80,75,91,84,83,85,84,83,85,84,69,81,54,43,81,2,3214,0,0,0,0,6,28,14,0,0,0,0,0,5,0,0,0,0,0,0,0,0,0,0,0,0,0,0,0,0,0,0,0,0,0,0,0,0,0,0,0,0,0,False
43,Daniil Tarasov,https://www.nhl.com/player/8480193,8,RUS,1999-03-27,203,77,3,False,False,False,False,False,True,True,False,0,3475978,3475978,3475978,0,0,0,0,0,0,0,,0,100,0,3,0,0,0,0,0,0,0,0,0,84,80,76,92,83,82,84,83,82,84,83,66,75,60,43,80,0,0,0,0,0,0,0,0,0,0,0,0,0,0,3,0,0,0,0,0,0,0,0,0,0,0,0,0,0,0,0,0,0,0,0,0,0,0,0,0,0,0,0,0,False
44,Darcy Kuemper,https://www.nhl.com/player/8475311,13,CAN,1990-05-05,215,77,4,False,False,False,False,False,True,True,False,0,6692629,6692629,6692629,6692629,0,0,0,0,0,0,,0,100,0,3,0,0,0,0,0,0,0,0,0,93,87,81,93,92,91,93,92,91,93,92,83,89,50,43,88,4,11816,1,2,1,0,14,115,59,0,0,4,1,4,0,0,1,0,0,0,600,600,0,0,0,0,0,0,0,0,0,0,0,0,0,0,0,0,0,0,0,0,0,0,False
45,David Rittich,https://www.nhl.com/player/8479496,13,CZE,1992-08-19,205,76,1,False,False,False,False,False,True,True,False,0,4719736,0,0,0,0,0,0,0,0,0,,0,100,0,3,0,0,0,0,0,0,0,0,0,86,85,80,87,85,84,86,85,84,86,85,76,87,46,45,82,2,2884,0,0,0,0,4,27,16,0,0,0,0,0,4,0,0,0,0,0,0,0,0,0,0,0,0,0,0,0,0,0,0,0,0,0,0,0,0,0,0,0,0,0,False
46,Dennis Hildeby,https://www.nhl.com/player/8483710,27,SWE,2001-08-19,224,79,1,False,False,False,False,False,True,True,False,0,1989423,0,0,0,0,0,0,0,0,0,,0,100,0,1,0,0,0,0,0,0,0,0,0,77,86,82,98,76,75,77,76,75,77,76,64,71,57,40,76,0,0,0,0,0,0,0,0,0,0,0,0,0,0,0,0,0,0,0,0,0,0,3,10800,2,1,0,0,11,79,43,0,0,0,0,3,0,0,0,0,0,100,120,120,False
47,Devin Cooley,https://www.nhl.com/player/8482445,0,USA,1997-05-25,192,77,3,False,False,False,False,False,True,True,False,0,3169168,3169168,3169168,0,0,0,0,0,0,0,,0,100,0,0,0,0,0,0,0,0,0,0,0,75,84,79,88,74,73,75,74,73,75,74,68,81,52,40,74,0,0,0,0,0,0,0,0,0,0,0,0,0,0,0,0,0,0,0,0,0,0,0,0,0,0,0,0,0,0,0,0,0,0,0,0,0,0,0,0,0,0,0,0,False
48,Devon Levi,https://www.nhl.com/player/8482221,3,CAN,2001-12-27,192,72,4,False,False,False,False,False,True,True,False,0,3771289,3771289,3771289,3771289,0,0,0,0,0,0,,0,99,0,1,0,0,0,0,0,0,0,0,0,81,90,86,73,80,79,82,80,79,81,80,64,71,58,42,77,0,0,0,0,0,0,0,0,0,0,0,0,0,0,0,0,0,0,0,0,0,0,4,14345,1,3,0,0,12,101,52,2,0,0,0,4,0,0,0,1,0,120,360,360,False
49,Domenic DiVincentiis,https://www.nhl.com/player/8483711,0,CAN,2004-03-04,191,74,2,False,False,False,False,False,True,True,False,0,3129583,3129583,0,0,0,0,0,0,0,0,,0,100,0,0,0,0,0,0,0,0,0,0,0,74,76,73,79,73,72,74,73,72,74,73,61,65,49,40,71,0,0,0,0,0,0,0,0,0,0,0,0,0,0,0,0,0,0,0,0,0,0,0,0,0,0,0,0,0,0,0,0,0,0,0,0,0,0,0,0,0,0,0,0,False
50,Drew Commesso,https://www.nhl.com/player/8482123,0,USA,2002-07-19,180,74,2,False,False,False,False,False,True,True,False,0,3154799,3154799,0,0,0,0,0,0,0,0,,0,100,0,0,0,0,0,0,0,0,0,0,0,77,86,82,77,76,75,77,76,75,77,76,63,69,73,40,74,0,0,0,0,0,0,0,0,0,0,0,0,0,0,0,0,0,0,0,0,0,0,0,0,0,0,0,0,0,0,0,0,0,0,0,0,0,0,0,0,0,0,0,0,False
51,Dustin Tokarski,https://www.nhl.com/player/8474682,5,CAN,1989-09-16,198,72,4,False,False,False,False,False,True,True,False,0,4048450,4048450,4048450,4048450,0,0,0,0,0,0,,0,100,0,1,0,0,0,0,0,0,0,0,0,74,81,75,74,73,72,74,73,72,74,73,76,90,42,45,73,0,0,0,0,0,0,0,0,0,0,0,0,0,0,0,0,0,0,0,0,0,0,0,0,0,0,0,0,0,0,0,0,0,0,0,0,4,0,0,0,0,0,0,0,False
52,Dustin Wolf,https://www.nhl.com/player/8481692,4,USA,2001-04-16,166,72,2,False,False,False,False,False,True,True,False,0,2457270,2457270,0,0,0,0,0,0,0,0,,0,99,0,3,0,0,0,0,0,0,0,0,0,89,92,88,70,88,87,90,88,87,89,88,64,71,58,48,82,5,14786,3,2,0,1,14,125,56,0,0,0,0,5,0,0,1,0,0,975,1015,1015,0,0,0,0,0,0,0,0,0,0,0,0,0,0,0,0,0,0,0,0,0,0,False
53,Dylan Ferguson,https://www.nhl.com/player/8480263,0,CAN,1998-09-20,194,74,4,False,False,False,False,False,True,True,False,0,2065828,2065828,2065828,2065828,0,0,0,0,0,0,,0,100,0,0,0,0,0,0,0,0,0,0,0,65,73,69,79,64,63,65,64,63,65,64,67,77,42,40,66,0,0,0,0,0,0,0,0,0,0,0,0,0,0,0,0,0,0,0,0,0,0,0,0,0,0,0,0,0,0,0,0,0,0,0,0,0,0,0,0,0,0,0,0,False
54,Dylan Garand,https://www.nhl.com/player/8482193,0,CAN,2002-06-07,173,72,2,False,False,False,False,False,True,True,False,0,2432500,2432500,0,0,0,0,0,0,0,0,,0,100,0,0,0,0,0,0,0,0,0,0,0,76,86,82,70,75,74,76,75,74,76,75,63,69,61,40,73,0,0,0,0,0,0,0,0,0,0,0,0,0,0,0,0,0,0,0,0,0,0,0,0,0,0,0,0,0,0,0,0,0,0,0,0,0,0,0,0,0,0,0,0,False
55,Dylan Wells,https://www.nhl.com/player/8479380,0,CAN,1998-01-03,190,74,2,False,False,False,False,False,True,True,False,0,2660721,2660721,0,0,0,0,0,0,0,0,,0,100,0,0,0,0,0,0,0,0,0,0,0,69,76,72,78,68,67,69,68,67,69,68,68,77,50,40,69,0,0,0,0,0,0,0,0,0,0,0,0,0,0,0,0,0,0,0,0,0,0,0,0,0,0,0,0,0,0,0,0,0,0,0,0,0,0,0,0,0,0,0,0,False
56,Eetu Makiniemi,https://www.nhl.com/player/8480199,0,FIN,1999-04-19,184,74,4,False,False,False,False,False,True,True,False,0,1583514,1583514,1583514,1583514,0,0,0,0,0,0,,0,100,0,0,0,0,0,0,0,0,0,0,0,69,75,71,77,68,67,69,68,67,69,68,66,75,59,40,68,0,0,0,0,0,0,0,0,0,0,0,0,0,0,0,0,0,0,0,0,0,0,0,0,0,0,0,0,0,0,0,0,0,0,0,0,0,0,0,0,0,0,0,0,False
57,Elvis Merzlikins,https://www.nhl.com/player/8478007,8,LVA,1994-04-13,190,75,3,False,False,False,False,False,True,True,False,0,6915383,6915383,6915383,0,0,0,0,0,0,0,,0,99,0,3,0,0,0,0,0,0,0,0,0,90,89,84,81,89,88,90,89,88,90,89,76,85,51,46,84,3,10800,2,1,0,0,8,91,43,0,0,0,0,3,0,0,0,0,0,0,400,400,0,0,0,0,0,0,0,0,0,0,0,0,0,0,0,0,0,0,0,0,0,0,False
58,Eric Comrie,https://www.nhl.com/player/8477480,32,CAN,1995-07-06,190,73,2,False,False,False,False,False,True,True,False,0,5442349,5442349,0,0,0,0,0,0,0,0,,0,100,0,3,0,0,0,0,0,0,0,0,0,81,77,73,75,80,79,81,80,79,81,80,70,84,55,40,77,0,0,0,0,0,0,0,0,0,0,0,0,0,0,3,0,0,0,0,0,0,0,0,0,0,0,0,0,0,0,0,0,0,0,0,0,0,0,0,0,0,0,0,0,False
59,Erik Portillo,https://www.nhl.com/player/8481707,13,SWE,2000-09-03,218,78,4,False,False,False,False,False,True,True,False,0,2971821,2971821,2971821,2971821,0,0,0,0,0,0,,0,100,0,1,0,0,0,0,0,0,0,0,0,77,83,79,96,76,75,77,76,75,77,76,65,73,64,50,76,0,0,0,0,0,0,0,0,0,0,0,0,0,0,0,0,0,0,0,0,0,0,3,11100,2,0,1,0,5,66,38,0,1,5,1,3,0,0,0,0,0,180,380,380,False
60,Felix Sandstrom,https://www.nhl.com/player/8478433,21,SWE,1997-01-12,211,74,2,False,False,False,False,False,True,True,False,0,800000,800000,0,0,0,0,0,0,0,0,,0,100,0,0,0,0,0,0,0,0,0,0,0,74,80,75,83,73,72,74,73,72,74,73,68,81,55,40,73,0,0,0,0,0,0,0,0,0,0,0,0,0,0,0,0,0,0,0,0,0,0,0,0,0,0,0,0,0,0,0,0,0,0,0,0,0,0,0,0,0,0,0,0,False
61,Filip Gustavsson,https://www.nhl.com/player/8479406,14,SWE,1998-06-07,184,74,2,False,False,False,False,False,True,True,False,0,3829350,3829350,0,0,0,0,0,0,0,0,,0,99,0,3,0,0,0,0,0,0,0,0,0,94,91,87,77,93,92,94,93,92,94,93,70,77,60,43,86,4,12382,2,2,0,0,14,116,60,0,0,0,0,4,0,0,0,0,0,0,560,560,0,0,0,0,0,0,0,0,0,0,0,0,0,0,0,0,0,0,0,0,0,0,False
62,Filip Larsson,https://www.nhl.com/player/8479548,0,SWE,1998-08-17,194,74,3,False,False,False,False,False,True,True,False,0,3171225,3171225,3171225,0,0,0,0,0,0,0,,0,100,0,0,0,0,0,0,0,0,0,0,0,74,76,72,79,73,72,74,73,72,74,73,67,77,42,40,72,0,0,0,0,0,0,0,0,0,0,0,0,0,0,0,0,0,0,0,0,0,0,0,0,0,0,0,0,0,0,0,0,0,0,0,0,0,0,0,0,0,0,0,0,False
63,Frederik Andersen,https://www.nhl.com/player/8475883,5,DNK,1989-10-02,229,76,3,False,False,False,False,False,True,True,False,0,5249550,5249550,5249550,0,0,0,0,0,0,0,,0,100,0,3,0,0,0,0,0,0,0,0,0,89,78,72,92,88,87,89,88,87,89,88,85,90,49,44,84,0,0,0,0,0,0,0,0,0,0,0,0,0,0,3,0,0,0,0,0,0,0,0,0,0,0,0,0,0,0,0,0,0,0,0,0,0,0,0,0,0,0,0,0,False
64,Gabriel Carriere,https://www.nhl.com/player/8484887,0,CAN,2000-11-05,188,74,3,False,False,False,False,False,True,True,False,0,3018767,3018767,3018767,0,0,0,0,0,0,0,,0,100,0,0,0,0,0,0,0,0,0,0,0,70,75,71,78,69,68,70,69,68,70,69,65,73,42,40,69,0,0,0,0,0,0,0,0,0,0,0,0,0,0,0,0,0,0,0,0,0,0,0,0,0,0,0,0,0,0,0,0,0,0,0,0,0,0,0,0,0,0,0,0,False
65,Garin Bjorklund,https://www.nhl.com/player/8482188,0,CAN,2002-05-28,174,74,3,False,False,False,False,False,True,True,False,0,3428169,3428169,3428169,0,0,0,0,0,0,0,,0,100,0,0,0,0,0,0,0,0,0,0,0,77,70,66,75,76,75,77,76,75,77,76,63,69,49,40,72,0,0,0,0,0,0,0,0,0,0,0,0,0,0,0,0,0,0,0,0,0,0,0,0,0,0,0,0,0,0,0,0,0,0,0,0,0,0,0,0,0,0,0,0,False
66,Georgi Romanov,https://www.nhl.com/player/8484312,0,RUS,1999-12-15,207,77,1,False,False,False,False,False,True,True,False,0,2561157,0,0,0,0,0,0,0,0,0,,0,100,0,0,0,0,0,0,0,0,0,0,0,75,82,78,91,74,73,75,74,73,75,74,66,75,55,40,74,0,0,0,0,0,0,0,0,0,0,0,0,0,0,0,0,0,0,0,0,0,0,0,0,0,0,0,0,0,0,0,0,0,0,0,0,0,0,0,0,0,0,0,0,False
67,Henrik Tikkanen,https://www.nhl.com/player/8482472,0,FIN,2000-09-28,222,80,5,False,False,False,False,False,True,True,False,0,3076135,3076135,3076135,3076135,3076135,0,0,0,0,0,,0,100,0,0,0,0,0,0,0,0,0,0,0,70,80,76,98,69,68,70,69,68,70,69,65,73,47,40,71,0,0,0,0,0,0,0,0,0,0,0,0,0,0,0,0,0,0,0,0,0,0,0,0,0,0,0,0,0,0,0,0,0,0,0,0,0,0,0,0,0,0,0,0,False
68,Hunter Miska,https://www.nhl.com/player/8480112,0,USA,1995-07-07,175,73,2,False,False,False,False,False,True,True,False,0,2190346,2190346,0,0,0,0,0,0,0,0,,0,100,0,0,0,0,0,0,0,0,0,0,0,62,73,68,72,61,60,62,61,60,62,61,70,84,35,40,64,0,0,0,0,0,0,0,0,0,0,0,0,0,0,0,0,0,0,0,0,0,0,0,0,0,0,0,0,0,0,0,0,0,0,0,0,0,0,0,0,0,0,0,0,False
69,Hunter Shepard,https://www.nhl.com/player/8482411,0,USA,1995-11-07,215,72,2,False,False,False,False,False,True,True,False,0,3478643,3478643,0,0,0,0,0,0,0,0,,0,100,0,0,0,0,0,0,0,0,0,0,0,77,86,81,77,76,75,77,76,75,77,76,70,84,50,40,75,0,0,0,0,0,0,0,0,0,0,0,0,0,0,0,0,0,0,0,0,0,0,0,0,0,0,0,0,0,0,0,0,0,0,0,0,0,0,0,0,0,0,0,0,False
70,Igor Shesterkin,https://www.nhl.com/player/8478048,19,RUS,1995-12-30,195,73,3,False,False,False,False,False,True,True,False,0,5311023,5311023,5311023,0,0,0,0,0,0,0,,0,98,0,3,0,0,0,0,0,0,0,0,0,95,94,89,76,94,93,95,94,93,95,94,75,84,55,40,87,5,16855,2,3,0,0,25,168,88,0,1,0,0,5,0,0,0,0,0,0,100,100,0,0,0,0,0,0,0,0,0,0,0,0,0,0,0,0,0,0,0,0,0,0,False
71,Ilya Samsonov,https://www.nhl.com/player/8478492,30,RUS,1997-02-22,208,75,1,False,False,False,False,False,True,True,False,0,4747157,0,0,0,0,0,0,0,0,0,,0,100,0,3,0,0,0,0,0,0,0,0,0,90,84,79,85,89,88,90,89,88,90,89,71,81,68,43,84,0,0,0,0,0,0,0,0,0,0,0,0,0,0,4,0,0,0,0,0,0,0,0,0,0,0,0,0,0,0,0,0,0,0,0,0,0,0,0,0,0,0,0,0,False
72,Ilya Sorokin,https://www.nhl.com/player/8478009,18,RUS,1995-08-04,211,76,2,False,False,False,False,False,True,True,False,0,5102656,5102656,0,0,0,0,0,0,0,0,,0,100,0,3,0,0,0,0,0,0,0,0,0,94,93,88,89,93,92,94,93,92,94,93,75,84,51,46,88,3,10761,2,1,0,0,7,81,44,2,0,0,0,3,0,0,0,0,0,0,380,380,0,0,0,0,0,0,0,0,0,0,0,0,0,0,0,0,0,0,0,0,0,0,False
73,Isaac Poulter,https://www.nhl.com/player/8483659,0,CAN,2001-09-12,174,74,4,False,False,False,False,False,True,True,False,0,1728238,1728238,1728238,1728238,0,0,0,0,0,0,,0,100,0,0,0,0,0,0,0,0,0,0,0,75,83,79,75,74,73,75,74,73,75,74,64,71,43,40,72,0,0,0,0,0,0,0,0,0,0,0,0,0,0,0,0,0,0,0,0,0,0,0,0,0,0,0,0,0,0,0,0,0,0,0,0,0,0,0,0,0,0,0,0,False
74,Ivan Fedotov,https://www.nhl.com/player/8478905,21,RUS,1996-11-28,214,79,1,False,False,False,False,False,True,True,False,0,2890767,0,0,0,0,0,0,0,0,0,,0,100,0,3,0,0,0,0,0,0,0,0,0,76,77,71,98,75,74,75,75,74,76,75,68,83,56,38,75,1,1617,0,0,0,0,3,9,3,0,0,0,0,0,3,0,0,0,0,0,0,0,0,0,0,0,0,0,0,0,0,0,0,0,0,0,0,0,0,0,0,0,0,0,False
75,Jack Campbell,https://www.nhl.com/player/8475789,0,USA,1992-01-09,200,75,4,False,False,False,False,False,True,True,False,0,4818084,4818084,4818084,4818084,0,0,0,0,0,0,,0,100,0,0,0,0,0,0,0,0,0,0,0,74,81,76,83,73,72,74,73,72,74,73,75,87,52,40,74,0,0,0,0,0,0,0,0,0,0,0,0,0,0,0,0,0,0,0,0,0,0,0,0,0,0,0,0,0,0,0,0,0,0,0,0,0,0,0,0,0,0,0,0,False
76,Jack LaFontaine,https://www.nhl.com/player/8479581,0,CAN,1998-01-06,204,74,3,False,False,False,False,False,True,True,False,0,1889530,1889530,1889530,0,0,0,0,0,0,0,,0,100,0,0,0,0,0,0,0,0,0,0,0,70,71,67,81,69,68,70,69,68,70,69,67,77,56,40,69,0,0,0,0,0,0,0,0,0,0,0,0,0,0,0,0,0,0,0,0,0,0,0,0,0,0,0,0,0,0,0,0,0,0,0,0,0,0,0,0,0,0,0,0,False
77,Jacob Fowler,https://www.nhl.com/player/8484170,0,USA,2004-11-24,223,73,2,False,False,False,False,False,True,True,False,0,1848646,1848646,0,0,0,0,0,0,0,0,,0,100,0,0,0,0,0,0,0,0,0,0,0,71,72,68,82,70,69,71,70,69,71,70,61,65,67,40,69,0,0,0,0,0,0,0,0,0,0,0,0,0,0,0,0,0,0,0,0,0,0,0,0,0,0,0,0,0,0,0,0,0,0,0,0,0,0,0,0,0,0,0,0,False
78,Jacob Ingham,https://www.nhl.com/player/8480857,0,CAN,2000-06-10,186,76,4,False,False,False,False,False,True,True,False,0,1940050,1940050,1940050,1940050,0,0,0,0,0,0,,0,100,0,0,0,0,0,0,0,0,0,0,0,66,73,69,84,65,64,66,65,64,66,65,65,73,47,40,67,0,0,0,0,0,0,0,0,0,0,0,0,0,0,0,0,0,0,0,0,0,0,0,0,0,0,0,0,0,0,0,0,0,0,0,0,0,0,0,0,0,0,0,0,False
79,Jacob Markstrom,https://www.nhl.com/player/8474593,17,SWE,1990-01-31,207,78,3,False,False,False,False,False,True,True,False,0,4852678,4852678,4852678,0,0,0,0,0,0,0,,0,100,0,3,0,0,0,0,0,0,0,0,0,93,90,84,94,92,91,93,92,91,93,92,86,89,50,41,88,3,8567,1,2,0,0,9,71,34,0,0,0,0,3,0,0,0,0,0,0,460,460,0,0,0,0,0,0,0,0,0,0,0,0,0,0,0,0,0,0,0,0,0,0,False
80,Jake Allen,https://www.nhl.com/player/8474596,17,CAN,1990-08-07,197,74,2,False,False,False,False,False,True,True,False,0,4619824,4619824,0,0,0,0,0,0,0,0,,0,100,0,3,0,0,0,0,0,0,0,0,0,89,83,77,80,88,87,89,88,87,89,88,84,89,50,40,84,1,2198,0,0,0,0,3,17,11,0,0,0,0,0,3,0,0,0,0,0,0,0,0,0,0,0,0,0,0,0,0,0,0,0,0,0,0,0,0,0,0,0,0,0,False
81,Jake Oettinger,https://www.nhl.com/player/8479979,9,USA,1998-12-18,224,78,1,False,False,False,False,False,True,True,False,0,3499183,0,0,0,0,0,0,0,0,0,,0,100,0,3,0,0,0,0,0,0,0,0,0,95,93,89,97,94,93,95,94,93,95,94,72,77,68,50,89,3,10812,3,0,0,0,9,102,49,0,1,0,0,3,0,0,0,0,0,260,380,380,0,0,0,0,0,0,0,0,0,0,0,0,0,0,0,0,0,0,0,0,0,0,False
82,Jakub Dobes,https://www.nhl.com/player/8482487,15,CZE,2001-05-27,215,76,3,False,False,False,False,False,True,True,False,0,2998957,2998957,2998957,0,0,0,0,0,0,0,,0,100,0,1,0,0,0,0,0,0,0,0,0,78,87,83,89,77,76,78,77,76,78,77,64,71,55,39,76,0,0,0,0,0,0,0,0,0,0,0,0,0,0,0,0,0,0,0,0,0,0,4,13746,1,3,0,0,12,82,52,0,0,0,0,4,0,0,0,0,0,0,280,280,False
83,Jakub Skarek,https://www.nhl.com/player/8480819,0,CZE,1999-11-10,211,76,4,False,False,False,False,False,True,True,False,0,3480835,3480835,3480835,3480835,0,0,0,0,0,0,,0,100,0,0,0,0,0,0,0,0,0,0,0,74,82,78,89,73,72,74,73,72,74,73,66,75,62,40,73,0,0,0,0,0,0,0,0,0,0,0,0,0,0,0,0,0,0,0,0,0,0,0,0,0,0,0,0,0,0,0,0,0,0,0,0,0,0,0,0,0,0,0,0,False
84,James Reimer,https://www.nhl.com/player/8473503,3,CAN,1988-03-15,200,74,2,False,False,False,False,False,True,True,False,0,6300632,6300632,0,0,0,0,0,0,0,0,,0,100,0,3,0,0,0,0,0,0,0,0,0,86,80,74,80,85,84,86,85,84,86,85,87,91,48,44,82,1,1706,0,0,0,0,3,14,4,0,0,0,0,0,4,0,0,0,0,0,0,0,0,0,0,0,0,0,0,0,0,0,0,0,0,0,0,0,0,0,0,0,0,0,False
85,Jan Bednar,https://www.nhl.com/player/8482135,0,CZE,2002-08-26,200,76,2,False,False,False,False,False,True,True,False,0,1970961,1970961,0,0,0,0,0,0,0,0,,0,100,0,0,0,0,0,0,0,0,0,0,0,68,71,67,86,67,66,68,67,66,68,67,63,69,60,40,68,0,0,0,0,0,0,0,0,0,0,0,0,0,0,0,0,0,0,0,0,0,0,0,0,0,0,0,0,0,0,0,0,0,0,0,0,0,0,0,0,0,0,0,0,False
86,Jaxson Stauber,https://www.nhl.com/player/8483530,28,USA,1999-04-27,174,75,1,False,False,False,False,False,True,True,False,0,3530247,0,0,0,0,0,0,0,0,0,,0,100,0,1,0,0,0,0,0,0,0,0,0,75,82,78,78,74,73,75,74,73,75,74,66,75,55,43,73,0,0,0,0,0,0,0,0,0,0,0,0,0,0,0,0,0,0,0,0,0,0,0,0,0,0,0,0,0,0,0,0,0,0,0,0,2,0,0,0,0,0,0,0,False
87,Jeremy Brodeur,https://www.nhl.com/player/8479609,0,USA,1996-10-29,185,72,3,False,False,False,False,False,True,True,False,0,3487429,3487429,3487429,0,0,0,0,0,0,0,,0,100,0,0,0,0,0,0,0,0,0,0,0,71,72,67,71,70,69,71,70,69,71,70,69,83,36,40,69,0,0,0,0,0,0,0,0,0,0,0,0,0,0,0,0,0,0,0,0,0,0,0,0,0,0,0,0,0,0,0,0,0,0,0,0,0,0,0,0,0,0,0,0,False
88,Jeremy Swayman,https://www.nhl.com/player/8480280,2,USA,1998-11-24,195,75,4,False,False,False,False,False,True,True,False,0,2799105,2799105,2799105,2799105,0,0,0,0,0,0,,0,100,0,3,0,0,0,0,0,0,0,0,0,92,91,87,82,91,90,92,91,90,92,91,70,77,51,40,85,4,12898,1,3,0,0,17,123,61,4,0,0,0,4,0,0,0,0,0,0,0,0,0,0,0,0,0,0,0,0,0,0,0,0,0,0,0,0,0,0,0,0,0,0,False
89,Jesper Vikman,https://www.nhl.com/player/8482484,0,SWE,2002-03-11,179,75,4,False,False,False,False,False,True,True,False,0,2215358,2215358,2215358,2215358,0,0,0,0,0,0,,0,100,0,0,0,0,0,0,0,0,0,0,0,66,75,71,79,65,64,66,65,64,66,65,63,69,58,40,66,0,0,0,0,0,0,0,0,0,0,0,0,0,0,0,0,0,0,0,0,0,0,0,0,0,0,0,0,0,0,0,0,0,0,0,0,0,0,0,0,0,0,0,0,False
90,Jesper Wallstedt,https://www.nhl.com/player/8482661,0,SWE,2002-11-14,214,75,3,False,False,False,False,False,True,True,False,0,1936519,1936519,1936519,0,0,0,0,0,0,0,,0,100,0,0,0,0,0,0,0,0,0,0,0,74,86,82,86,73,72,74,73,72,74,73,63,69,81,40,73,0,0,0,0,0,0,0,0,0,0,0,0,0,0,0,0,0,0,0,0,0,0,0,0,0,0,0,0,0,0,0,0,0,0,0,0,0,0,0,0,0,0,0,0,False
91,Jet Greaves,https://www.nhl.com/player/8482982,8,CAN,2001-03-30,190,72,4,False,False,False,False,False,True,True,False,0,2587285,2587285,2587285,2587285,0,0,0,0,0,0,,0,100,0,1,0,0,0,0,0,0,0,0,0,82,91,87,72,81,81,82,82,81,82,81,64,71,57,51,78,0,0,0,0,0,0,0,0,0,0,0,0,0,0,0,0,0,0,0,0,0,0,4,14382,3,1,0,1,4,67,36,0,0,0,0,4,0,0,1,0,1,620,820,820,False
92,Jiri Patera,https://www.nhl.com/player/8480238,0,CZE,1999-02-24,212,75,5,False,False,False,False,False,True,True,False,0,1829601,1829601,1829601,1829601,1829601,0,0,0,0,0,,0,100,0,0,0,0,0,0,0,0,0,0,0,74,78,74,86,73,72,74,73,72,74,73,66,75,56,40,73,0,0,0,0,0,0,0,0,0,0,0,0,0,0,0,0,0,0,0,0,0,0,0,0,0,0,0,0,0,0,0,0,0,0,0,0,0,0,0,0,0,0,0,0,False
93,Joel Blomqvist,https://www.nhl.com/player/8482446,22,FIN,2002-01-10,200,75,5,False,False,False,False,False,True,True,False,0,3230595,3230595,3230595,3230595,3230595,0,0,0,0,0,,0,100,0,1,0,0,0,0,0,0,0,0,0,77,86,82,83,76,75,77,77,75,77,76,63,69,71,49,75,0,0,0,0,0,0,0,0,0,0,0,0,0,0,0,0,0,0,0,0,0,0,4,14204,3,0,0,1,9,68,41,0,0,0,0,4,0,0,1,0,0,445,485,485,False
94,Joel Hofer,https://www.nhl.com/player/8480981,25,CAN,2000-07-30,179,77,3,False,False,False,False,False,True,True,False,0,2818980,2818980,2818980,0,0,0,0,0,0,0,,0,100,0,3,0,0,0,0,0,0,0,0,0,92,83,79,85,91,90,92,91,90,92,91,65,73,58,39,84,1,2406,0,0,0,0,3,14,7,0,0,0,0,0,4,0,0,0,0,0,0,0,0,0,0,0,0,0,0,0,0,0,0,0,0,0,0,0,0,0,0,0,0,0,False
95,Joey Daccord,https://www.nhl.com/player/8478916,24,USA,1996-08-19,201,74,4,False,False,False,False,False,True,True,False,0,5618639,5618639,5618639,5618639,0,0,0,0,0,0,,0,100,0,3,0,0,0,0,0,0,0,0,0,94,92,87,81,93,92,95,93,92,94,93,71,83,56,42,87,3,9233,1,1,0,0,8,79,38,0,0,0,0,3,0,0,0,1,0,0,420,420,0,0,0,0,0,0,0,0,0,0,0,0,0,0,0,0,0,0,0,0,0,0,False
96,John Gibson,https://www.nhl.com/player/8476434,1,USA,1993-07-14,214,74,5,False,False,False,False,False,True,True,False,0,4861373,4861373,4861373,4861373,4861373,0,0,0,0,0,,0,100,0,3,0,0,0,0,0,0,0,0,0,88,85,80,83,87,86,88,87,86,88,87,83,86,53,40,83,1,1486,0,1,0,0,3,14,8,0,0,0,0,0,3,0,0,0,0,0,0,0,0,0,0,0,0,0,0,0,0,0,0,0,0,0,0,0,0,0,0,0,0,0,False
97,Jonas Johansson,https://www.nhl.com/player/8477992,26,SWE,1995-09-19,218,77,4,False,False,False,False,False,True,True,False,0,4537242,4537242,4537242,4537242,0,0,0,0,0,0,,0,100,0,3,0,0,0,0,0,0,0,0,0,84,79,74,93,83,82,84,83,82,84,83,70,84,54,46,80,1,2784,0,1,0,0,3,19,8,0,0,0,0,0,4,0,0,0,0,0,0,0,0,0,0,0,0,0,0,0,0,0,0,0,0,0,0,0,0,0,0,0,0,0,False
98,Jonathan Quick,https://www.nhl.com/player/8471734,19,USA,1986-01-21,220,73,5,False,False,False,False,False,True,True,False,0,6961197,6961197,6961197,6961197,6961197,0,0,0,0,0,,0,100,0,3,0,0,0,0,0,0,0,0,0,89,81,75,81,88,87,89,88,87,89,88,95,93,46,40,84,1,1145,0,0,0,0,4,14,7,0,0,0,0,0,5,0,0,0,0,0,0,0,0,0,0,0,0,0,0,0,0,0,0,0,0,0,0,0,0,0,0,0,0,0,False
99,Joonas Korpisalo,https://www.nhl.com/player/8476914,2,FIN,1994-04-28,199,75,2,False,False,False,False,False,True,True,False,0,6834907,6834907,0,0,0,0,0,0,0,0,,0,100,0,3,0,0,0,0,0,0,0,0,0,89,87,82,83,88,87,89,88,87,89,88,77,85,52,45,84,1,1542,0,0,0,0,1,11,8,0,0,0,0,0,4,0,0,0,0,0,0,0,0,0,0,0,0,0,0,0,0,0,0,0,0,0,0,0,0,0,0,0,0,0,False
100,Jordan Binnington,https://www.nhl.com/player/8476412,25,CAN,1993-07-11,172,74,1,False,False,False,False,False,True,True,False,0,6882236,0,0,0,0,0,0,0,0,0,,0,97,0,3,0,0,0,0,0,0,0,0,0,94,93,88,75,93,92,94,93,92,94,93,79,86,53,41,87,4,11994,1,3,0,1,14,109,56,0,0,0,0,4,0,0,0,1,0,825,825,825,0,0,0,0,0,0,0,0,0,0,0,0,0,0,0,0,0,0,0,0,0,0,False
101,Jordan Papirny,https://www.nhl.com/player/8478148,0,CAN,1996-04-10,169,73,2,False,False,False,False,False,True,True,False,0,2075104,2075104,0,0,0,0,0,0,0,0,,0,100,0,0,0,0,0,0,0,0,0,0,0,59,73,68,71,58,57,59,58,57,59,58,69,83,36,40,62,0,0,0,0,0,0,0,0,0,0,0,0,0,0,0,0,0,0,0,0,0,0,0,0,0,0,0,0,0,0,0,0,0,0,0,0,0,0,0,0,0,0,0,0,False
102,Joseph Woll,https://www.nhl.com/player/8479361,27,USA,1998-07-12,206,75,4,False,False,False,False,False,True,True,False,0,4582322,4582322,4582322,4582322,0,0,0,0,0,0,,0,100,0,3,0,0,0,0,0,0,0,0,0,93,84,80,85,92,91,93,92,91,93,92,67,77,57,51,85,0,0,0,0,0,0,0,0,0,0,0,0,0,0,4,0,0,0,0,0,0,0,0,0,0,0,0,0,0,0,0,0,0,0,0,0,0,0,0,0,0,0,0,0,False
103,Justus Annunen,https://www.nhl.com/player/8481020,16,FIN,2000-03-11,210,76,2,False,False,False,False,False,True,True,False,0,2274390,2274390,0,0,0,0,0,0,0,0,,0,100,0,3,0,0,0,0,0,0,0,0,0,84,85,81,88,83,82,84,83,82,84,83,65,73,64,43,80,1,1924,0,0,0,0,1,12,11,0,0,0,0,0,4,0,0,0,0,0,0,0,0,0,0,0,0,0,0,0,0,0,0,0,0,0,0,0,0,0,0,0,0,0,False
104,Juuse Saros,https://www.nhl.com/player/8477424,16,FIN,1995-04-19,180,71,4,False,False,False,False,False,True,True,False,0,6811296,6811296,6811296,6811296,0,0,0,0,0,0,,0,99,0,3,0,0,0,0,0,0,0,0,0,93,95,90,68,92,91,93,92,91,93,92,79,84,55,44,86,4,12476,2,2,0,0,12,112,57,0,1,0,0,4,0,0,1,0,0,0,680,680,0,0,0,0,0,0,0,0,0,0,0,0,0,0,0,0,0,0,0,0,0,0,False
105,Kaapo Kahkonen,https://www.nhl.com/player/8478039,0,FIN,1996-08-16,217,74,2,False,False,False,False,False,True,True,False,0,3166576,3166576,0,0,0,0,0,0,0,0,,0,100,0,0,0,0,0,0,0,0,0,0,0,79,85,80,84,78,77,79,78,77,79,78,71,83,54,40,77,0,0,0,0,0,0,0,0,0,0,0,0,0,0,0,0,0,0,0,0,0,0,0,0,0,0,0,0,0,0,0,0,0,0,0,0,0,0,0,0,0,0,0,0,False
106,Karel Vejmelka,https://www.nhl.com/player/8478872,28,CZE,1996-05-25,221,76,2,False,False,False,False,False,True,True,False,0,6671703,6671703,0,0,0,0,0,0,0,0,,0,98,0,3,0,0,0,0,0,0,0,0,0,91,90,85,91,90,89,91,90,89,91,90,72,83,56,44,86,4,12751,2,2,0,0,12,107,52,2,0,0,0,4,0,0,0,0,0,40,180,180,0,0,0,0,0,0,0,0,0,0,0,0,0,0,0,0,0,0,0,0,0,0,False
107,Keith Petruzzelli,https://www.nhl.com/player/8479975,0,USA,1999-02-09,185,77,4,False,False,False,False,False,True,True,False,0,1830107,1830107,1830107,1830107,0,0,0,0,0,0,,0,100,0,0,0,0,0,0,0,0,0,0,0,66,75,71,86,65,64,66,65,64,66,65,66,75,60,40,67,0,0,0,0,0,0,0,0,0,0,0,0,0,0,0,0,0,0,0,0,0,0,0,0,0,0,0,0,0,0,0,0,0,0,0,0,0,0,0,0,0,0,0,0,False
108,Kenneth Appleby,https://www.nhl.com/player/8478965,0,CAN,1995-04-10,216,77,3,False,False,False,False,False,True,True,False,0,4640239,4640239,4640239,0,0,0,0,0,0,0,,0,100,0,0,0,0,0,0,0,0,0,0,0,75,80,75,93,74,73,75,74,73,75,74,70,84,35,40,75,0,0,0,0,0,0,0,0,0,0,0,0,0,0,0,0,0,0,0,0,0,0,0,0,0,0,0,0,0,0,0,0,0,0,0,0,0,0,0,0,0,0,0,0,False
109,Kevin Lankinen,https://www.nhl.com/player/8480947,29,FIN,1995-04-28,190,74,3,False,False,False,False,False,True,True,False,0,6862023,6862023,6862023,0,0,0,0,0,0,0,,0,100,0,3,0,0,0,0,0,0,0,0,0,92,85,80,78,91,90,92,91,90,92,91,73,84,55,43,85,0,0,0,0,0,0,0,0,0,0,0,0,0,0,3,0,0,0,0,0,0,0,0,0,0,0,0,0,0,0,0,0,0,0,0,0,0,0,0,0,0,0,0,0,False
110,Kevin Mandolese,https://www.nhl.com/player/8480867,0,CAN,2000-08-22,180,76,4,False,False,False,False,False,True,True,False,0,2160051,2160051,2160051,2160051,0,0,0,0,0,0,,0,100,0,0,0,0,0,0,0,0,0,0,0,71,79,75,82,70,69,71,70,69,71,70,65,73,47,40,70,0,0,0,0,0,0,0,0,0,0,0,0,0,0,0,0,0,0,0,0,0,0,0,0,0,0,0,0,0,0,0,0,0,0,0,0,0,0,0,0,0,0,0,0,False
111,Leevi Merilainen,https://www.nhl.com/player/8482447,0,FIN,2002-08-13,186,75,3,False,False,False,False,False,True,True,False,0,2274995,2274995,2274995,0,0,0,0,0,0,0,,0,100,0,0,0,0,0,0,0,0,0,0,0,79,85,81,81,78,77,79,78,77,79,78,63,69,65,40,75,0,0,0,0,0,0,0,0,0,0,0,0,0,0,0,0,0,0,0,0,0,0,0,0,0,0,0,0,0,0,0,0,0,0,0,0,0,0,0,0,0,0,0,0,False
112,Linus Ullmark,https://www.nhl.com/player/8476999,20,SWE,1993-07-31,215,76,2,False,False,False,False,False,True,True,False,0,5765575,5765575,0,0,0,0,0,0,0,0,,0,99,0,3,0,0,0,0,0,0,0,0,0,94,87,82,89,93,92,94,93,92,94,93,78,86,53,34,87,4,12680,0,3,1,0,19,108,60,0,0,0,0,4,0,0,0,0,0,0,0,0,0,0,0,0,0,0,0,0,0,0,0,0,0,0,0,0,0,0,0,0,0,0,False
113,Logan Thompson,https://www.nhl.com/player/8480313,31,CAN,1997-02-25,207,76,4,False,False,False,False,False,True,True,False,0,6942366,6942366,6942366,6942366,0,0,0,0,0,0,,0,98,0,3,0,0,0,0,0,0,0,0,0,95,88,83,88,94,94,96,94,93,95,94,70,81,57,49,88,4,14341,3,1,0,0,13,123,58,2,0,0,0,4,0,0,0,0,0,40,560,560,0,0,0,0,0,0,0,0,0,0,0,0,0,0,0,0,0,0,0,0,0,0,False
114,Louis Domingue,https://www.nhl.com/player/8475839,19,CAN,1992-03-06,207,75,4,False,False,False,False,False,True,True,False,0,3917704,3917704,3917704,3917704,0,0,0,0,0,0,,0,100,0,1,0,0,0,0,0,0,0,0,0,74,82,77,85,73,72,74,73,72,74,73,75,87,48,38,74,0,0,0,0,0,0,0,0,0,0,0,0,0,0,0,0,0,0,0,0,0,0,3,9441,1,1,1,0,9,50,25,0,0,3,1,3,0,0,0,0,0,0,200,200,False
115,Lukas Dostal,https://www.nhl.com/player/8480843,1,CZE,2000-06-22,190,74,4,False,False,False,False,False,True,True,False,0,4222378,4222378,4222378,4222378,0,0,0,0,0,0,,0,100,0,3,0,0,0,0,0,0,0,0,0,91,90,86,78,90,89,91,90,89,91,90,67,73,61,42,84,3,9314,1,1,0,0,9,77,38,0,0,0,0,3,0,0,0,1,0,0,340,340,0,0,0,0,0,0,0,0,0,0,0,0,0,0,0,0,0,0,0,0,0,0,False
116,Luke Cavallin,https://www.nhl.com/player/8483654,0,CAN,2001-04-29,196,74,3,False,False,False,False,False,True,True,False,0,1719364,1719364,1719364,0,0,0,0,0,0,0,,0,100,0,0,0,0,0,0,0,0,0,0,0,66,73,69,80,65,64,66,65,64,66,65,65,71,43,40,66,0,0,0,0,0,0,0,0,0,0,0,0,0,0,0,0,0,0,0,0,0,0,0,0,0,0,0,0,0,0,0,0,0,0,0,0,0,0,0,0,0,0,0,0,False
117,Mackenzie Blackwood,https://www.nhl.com/player/8478406,7,CAN,1996-12-09,225,76,2,False,False,False,False,False,True,True,False,0,4329848,4329848,0,0,0,0,0,0,0,0,,0,99,0,3,0,0,0,0,0,0,0,0,0,92,90,85,91,91,90,92,91,90,92,91,74,83,60,43,87,4,14398,2,1,1,0,16,128,67,0,2,0,0,4,0,1,0,0,0,0,300,300,0,0,0,0,0,0,0,0,0,0,0,0,0,0,0,0,0,0,0,0,0,0,False
118,Mads Sogaard,https://www.nhl.com/player/8481544,20,DNK,2000-12-13,217,79,4,False,False,False,False,False,True,True,False,0,3429316,3429316,3429316,3429316,0,0,0,0,0,0,,0,100,0,1,0,0,0,0,0,0,0,0,0,73,80,76,98,72,71,73,71,71,73,72,65,73,75,39,73,0,0,0,0,0,0,0,0,0,0,0,0,0,0,0,0,0,0,0,0,0,0,2,7630,1,0,1,0,7,27,11,0,1,3,0,2,0,0,0,0,0,0,0,0,False
119,Magnus Chrona,https://www.nhl.com/player/8480992,0,SWE,2000-08-28,194,76,4,False,False,False,False,False,True,True,False,0,2154225,2154225,2154225,2154225,0,0,0,0,0,0,,0,100,0,0,0,0,0,0,0,0,0,0,0,75,84,80,94,74,73,75,74,73,75,74,65,73,57,40,74,0,0,0,0,0,0,0,0,0,0,0,0,0,0,0,0,0,0,0,0,0,0,0,0,0,0,0,0,0,0,0,0,0,0,0,0,0,0,0,0,0,0,0,0,False
120,Magnus Hellberg,https://www.nhl.com/player/8476433,0,SWE,1991-04-04,220,78,4,False,False,False,False,False,True,True,False,0,4855762,4855762,4855762,4855762,0,0,0,0,0,0,,0,100,0,0,0,0,0,0,0,0,0,0,0,76,84,78,96,75,74,76,75,74,76,75,74,88,48,40,77,0,0,0,0,0,0,0,0,0,0,0,0,0,0,0,0,0,0,0,0,0,0,0,0,0,0,0,0,0,0,0,0,0,0,0,0,0,0,0,0,0,0,0,0,False
121,Malcolm Subban,https://www.nhl.com/player/8476876,0,CAN,1993-12-21,215,74,4,False,False,False,False,False,True,True,False,0,3003344,3003344,3003344,3003344,0,0,0,0,0,0,,0,100,0,0,0,0,0,0,0,0,0,0,0,72,82,77,83,71,70,72,71,70,72,71,72,86,50,40,72,0,0,0,0,0,0,0,0,0,0,0,0,0,0,0,0,0,0,0,0,0,0,0,0,0,0,0,0,0,0,0,0,0,0,0,0,0,0,0,0,0,0,0,0,False
122,Marc-Andre Fleury,https://www.nhl.com/player/8470594,14,CAN,1984-11-28,185,74,4,False,False,False,False,False,True,True,False,0,7047844,7047844,7047844,7047844,0,0,0,0,0,0,,0,100,0,3,0,0,0,0,0,0,0,0,0,90,84,77,77,89,88,90,89,88,90,89,99,95,45,42,85,1,2018,0,0,0,0,3,15,8,0,0,0,0,0,4,0,0,0,0,0,0,0,0,0,0,0,0,0,0,0,0,0,0,0,0,0,0,0,0,0,0,0,0,0,False
123,Marcus Hogberg,https://www.nhl.com/player/8477405,18,SWE,1994-11-25,234,77,4,False,False,False,False,False,True,True,False,0,4196643,4196643,4196643,4196643,0,0,0,0,0,0,,0,100,0,1,0,0,0,0,0,0,0,0,0,74,76,71,96,73,72,74,73,72,74,73,71,85,53,39,74,0,0,0,0,0,0,0,0,0,0,0,0,0,0,0,0,0,0,0,0,0,0,3,10800,1,2,0,0,12,78,34,0,0,0,0,3,0,0,0,0,0,0,0,0,False
124,Mark Sinclair,https://www.nhl.com/player/8484278,0,CAN,1996-03-08,181,72,1,False,False,False,False,False,True,True,False,0,2812805,0,0,0,0,0,0,0,0,0,,0,100,0,0,0,0,0,0,0,0,0,0,0,64,71,66,72,63,62,64,63,62,64,63,69,83,36,40,65,0,0,0,0,0,0,0,0,0,0,0,0,0,0,0,0,0,0,0,0,0,0,0,0,0,0,0,0,0,0,0,0,0,0,0,0,0,0,0,0,0,0,0,0,False
125,Matt D. Murray,https://www.nhl.com/player/8483575,0,CAN,1998-02-02,196,73,1,False,False,False,False,False,True,True,False,0,2089152,0,0,0,0,0,0,0,0,0,,0,100,0,0,0,0,0,0,0,0,0,0,0,79,85,81,77,78,77,79,78,77,79,78,67,77,53,40,76,0,0,0,0,0,0,0,0,0,0,0,0,0,0,0,0,0,0,0,0,0,0,0,0,0,0,0,0,0,0,0,0,0,0,0,0,0,0,0,0,0,0,0,0,False
126,Matt Murray,https://www.nhl.com/player/8476899,27,CAN,1994-05-25,220,77,1,False,False,False,False,False,True,True,False,0,3968970,0,0,0,0,0,0,0,0,0,,0,100,99,1,0,0,0,0,0,0,0,0,0,74,76,71,93,73,72,74,73,72,74,73,75,85,53,37,74,0,0,0,0,0,0,0,0,0,0,0,0,0,0,0,0,0,0,0,0,0,0,0,0,0,0,0,0,0,0,0,0,0,0,0,0,3,0,0,0,0,0,0,0,False
127,Matt Tomkins,https://www.nhl.com/player/8477035,0,CAN,1994-06-19,191,76,2,False,False,False,False,False,True,True,False,0,4026449,4026449,0,0,0,0,0,0,0,0,,0,100,0,0,0,0,0,0,0,0,0,0,0,75,83,78,85,74,73,75,74,73,75,74,71,85,50,40,74,0,0,0,0,0,0,0,0,0,0,0,0,0,0,0,0,0,0,0,0,0,0,0,0,0,0,0,0,0,0,0,0,0,0,0,0,0,0,0,0,0,0,0,0,False
128,Matt Villalta,https://www.nhl.com/player/8480191,28,CAN,1999-06-03,190,75,2,False,False,False,False,False,True,True,False,0,3419668,3419668,0,0,0,0,0,0,0,0,,0,100,0,1,0,0,0,0,0,0,0,0,0,77,90,86,81,76,75,78,76,76,77,76,66,75,62,47,75,0,0,0,0,0,0,0,0,0,0,0,0,0,0,0,0,0,0,0,0,0,0,2,7477,2,0,0,1,3,49,30,0,0,3,0,2,0,0,0,0,1,0,515,515,False
129,Michael Dipietro,https://www.nhl.com/player/8480022,0,CAN,1999-06-09,200,72,2,False,False,False,False,False,True,True,False,0,3715810,3715810,0,0,0,0,0,0,0,0,,0,100,0,0,0,0,0,0,0,0,0,0,0,79,84,80,74,78,77,79,78,77,79,78,66,75,63,40,75,0,0,0,0,0,0,0,0,0,0,0,0,0,0,0,0,0,0,0,0,0,0,0,0,0,0,0,0,0,0,0,0,0,0,0,0,0,0,0,0,0,0,0,0,False
130,Michael Houser,https://www.nhl.com/player/8475920,0,USA,1992-09-13,185,73,3,False,False,False,False,False,True,True,False,0,3958340,3958340,3958340,0,0,0,0,0,0,0,,0,100,0,0,0,0,0,0,0,0,0,0,0,68,75,70,74,67,66,68,67,66,68,67,73,87,26,40,68,0,0,0,0,0,0,0,0,0,0,0,0,0,0,0,0,0,0,0,0,0,0,0,0,0,0,0,0,0,0,0,0,0,0,0,0,0,0,0,0,0,0,0,0,False
131,Michael Simpson,https://www.nhl.com/player/8483101,0,CAN,2003-09-03,188,73,1,False,False,False,False,False,True,True,False,0,2203341,0,0,0,0,0,0,0,0,0,,0,100,0,0,0,0,0,0,0,0,0,0,0,66,72,68,75,65,64,66,65,64,66,65,62,67,44,40,65,0,0,0,0,0,0,0,0,0,0,0,0,0,0,0,0,0,0,0,0,0,0,0,0,0,0,0,0,0,0,0,0,0,0,0,0,0,0,0,0,0,0,0,0,False
132,Mitchell Weeks,https://www.nhl.com/player/8483611,0,CAN,2001-06-22,187,75,2,False,False,False,False,False,True,True,False,0,2045145,2045145,0,0,0,0,0,0,0,0,,0,100,0,0,0,0,0,0,0,0,0,0,0,71,78,74,81,70,69,71,70,69,71,70,64,71,43,40,70,0,0,0,0,0,0,0,0,0,0,0,0,0,0,0,0,0,0,0,0,0,0,0,0,0,0,0,0,0,0,0,0,0,0,0,0,0,0,0,0,0,0,0,0,False
133,Nico Daws,https://www.nhl.com/player/8482076,17,CAN,2000-12-22,205,76,2,False,False,False,False,False,True,True,False,0,2141553,2141553,0,0,0,0,0,0,0,0,,0,100,0,1,0,0,0,0,0,0,0,0,0,80,84,80,87,79,78,80,79,78,80,79,65,73,62,42,77,0,0,0,0,0,0,0,0,0,0,0,0,0,0,0,0,0,0,0,0,0,0,5,16907,3,2,0,0,16,125,74,0,1,0,0,5,0,0,0,0,0,40,1040,1040,False
134,Nikita Tolopilo,https://www.nhl.com/player/8484268,29,BLR,2000-04-06,229,78,3,False,False,False,False,False,True,True,False,0,3566145,3566145,3566145,0,0,0,0,0,0,0,,0,100,0,1,0,0,0,0,0,0,0,0,0,77,85,81,98,76,75,78,77,75,77,76,65,73,56,47,76,0,0,0,0,0,0,0,0,0,0,0,0,0,0,0,0,0,0,0,0,0,0,3,11100,2,0,1,1,4,54,28,0,3,2,1,3,0,0,0,0,1,690,750,750,False
135,Nikke Kokko,https://www.nhl.com/player/8483668,0,FIN,2004-03-14,184,75,1,False,False,False,False,False,True,True,False,0,3355752,0,0,0,0,0,0,0,0,0,,0,100,0,0,0,0,0,0,0,0,0,0,0,78,77,74,80,77,76,78,77,76,78,77,61,65,70,40,74,0,0,0,0,0,0,0,0,0,0,0,0,0,0,0,0,0,0,0,0,0,0,0,0,0,0,0,0,0,0,0,0,0,0,0,0,0,0,0,0,0,0,0,0,False
136,Olivier Rodrigue,https://www.nhl.com/player/8480885,0,CAN,2000-07-06,158,73,2,False,False,False,False,False,True,True,False,0,3253813,3253813,0,0,0,0,0,0,0,0,,0,100,0,0,0,0,0,0,0,0,0,0,0,76,86,82,70,75,74,76,75,74,76,75,65,73,65,40,73,0,0,0,0,0,0,0,0,0,0,0,0,0,0,0,0,0,0,0,0,0,0,0,0,0,0,0,0,0,0,0,0,0,0,0,0,0,0,0,0,0,0,0,0,False
137,Oscar Dansk,https://www.nhl.com/player/8476861,0,SWE,1994-02-28,204,75,2,False,False,False,False,False,True,True,False,0,3443668,3443668,0,0,0,0,0,0,0,0,,0,100,0,0,0,0,0,0,0,0,0,0,0,72,83,78,84,71,70,72,71,70,72,71,72,85,61,40,72,0,0,0,0,0,0,0,0,0,0,0,0,0,0,0,0,0,0,0,0,0,0,0,0,0,0,0,0,0,0,0,0,0,0,0,0,0,0,0,0,0,0,0,0,False
138,Parker Gahagen,https://www.nhl.com/player/8480481,0,USA,1993-05-17,195,74,1,False,False,False,False,False,True,True,False,0,3495540,0,0,0,0,0,0,0,0,0,,0,100,0,0,0,0,0,0,0,0,0,0,0,75,78,73,79,74,73,75,74,73,75,74,72,86,27,40,73,0,0,0,0,0,0,0,0,0,0,0,0,0,0,0,0,0,0,0,0,0,0,0,0,0,0,0,0,0,0,0,0,0,0,0,0,0,0,0,0,0,0,0,0,False
139,Pavel Cajan,https://www.nhl.com/player/8483805,0,CZE,2002-10-13,176,74,3,False,False,False,False,False,True,True,False,0,1843200,1843200,1843200,0,0,0,0,0,0,0,,0,100,0,0,0,0,0,0,0,0,0,0,0,67,76,72,76,66,65,67,66,65,67,66,63,69,44,40,66,0,0,0,0,0,0,0,0,0,0,0,0,0,0,0,0,0,0,0,0,0,0,0,0,0,0,0,0,0,0,0,0,0,0,0,0,0,0,0,0,0,0,0,0,False
140,Petr Mrazek,https://www.nhl.com/player/8475852,10,CZE,1992-02-14,188,74,4,False,False,False,False,False,True,True,False,0,4784551,4784551,4784551,4784551,0,0,0,0,0,0,,0,100,0,3,0,0,0,0,0,0,0,0,0,90,89,84,78,89,88,90,89,88,90,89,82,87,52,38,84,0,0,0,0,0,0,0,0,0,0,0,0,0,0,4,0,0,0,0,0,0,0,0,0,0,0,0,0,0,0,0,0,0,0,0,0,0,0,0,0,0,0,0,0,False
141,Pheonix Copley,https://www.nhl.com/player/8477831,0,USA,1992-01-18,205,76,5,False,False,False,False,False,True,True,False,0,5365350,5365350,5365350,5365350,5365350,0,0,0,0,0,,0,100,0,0,0,0,0,0,0,0,0,0,0,77,81,76,87,76,75,77,76,75,77,76,73,87,46,40,76,0,0,0,0,0,0,0,0,0,0,0,0,0,0,0,0,0,0,0,0,0,0,0,0,0,0,0,0,0,0,0,0,0,0,0,0,0,0,0,0,0,0,0,0,False
142,Philipp Grubauer,https://www.nhl.com/player/8475831,24,DEU,1991-11-25,188,73,5,False,False,False,False,False,True,True,False,0,4355581,4355581,4355581,4355581,4355581,0,0,0,0,0,,0,100,0,3,0,0,0,0,0,0,0,0,0,84,85,78,75,83,82,84,83,82,84,83,79,88,46,39,80,1,1549,0,1,0,0,4,17,8,0,0,0,0,0,3,0,0,0,0,0,0,0,0,0,0,0,0,0,0,0,0,0,0,0,0,0,0,0,0,0,0,0,0,0,False
143,Pyotr Kochetkov,https://www.nhl.com/player/8481611,5,RUS,1999-06-25,193,75,2,False,False,False,False,False,True,True,False,0,3028540,3028540,0,0,0,0,0,0,0,0,,0,100,0,3,0,0,0,0,0,0,0,0,0,91,89,85,82,90,90,91,90,90,91,90,67,75,73,47,84,3,11100,2,1,0,0,8,79,38,0,1,3,0,3,0,0,0,0,0,180,560,560,0,0,0,0,0,0,0,0,0,0,0,0,0,0,0,0,0,0,0,0,0,0,False
144,Remi Poirier,https://www.nhl.com/player/8482465,0,CAN,2001-10-06,210,74,5,False,False,False,False,False,True,True,False,0,3097468,3097468,3097468,3097468,3097468,0,0,0,0,0,,0,100,0,0,0,0,0,0,0,0,0,0,0,77,84,80,82,76,75,77,76,75,77,76,64,71,48,40,74,0,0,0,0,0,0,0,0,0,0,0,0,0,0,0,0,0,0,0,0,0,0,0,0,0,0,0,0,0,0,0,0,0,0,0,0,0,0,0,0,0,0,0,0,False
145,Ruslan Khazheyev,https://www.nhl.com/player/8484440,0,RUS,2004-11-20,201,78,2,False,False,False,False,False,True,True,False,0,2335945,2335945,0,0,0,0,0,0,0,0,,0,100,0,0,0,0,0,0,0,0,0,0,0,68,74,71,93,67,66,68,67,66,68,67,61,65,49,40,68,0,0,0,0,0,0,0,0,0,0,0,0,0,0,0,0,0,0,0,0,0,0,0,0,0,0,0,0,0,0,0,0,0,0,0,0,0,0,0,0,0,0,0,0,False
146,Ryan Fanti,https://www.nhl.com/player/8483534,0,CAN,1999-10-03,194,75,2,False,False,False,False,False,True,True,False,0,2610136,2610136,0,0,0,0,0,0,0,0,,0,100,0,0,0,0,0,0,0,0,0,0,0,72,73,68,82,71,70,72,71,70,72,71,66,75,42,40,70,0,0,0,0,0,0,0,0,0,0,0,0,0,0,0,0,0,0,0,0,0,0,0,0,0,0,0,0,0,0,0,0,0,0,0,0,0,0,0,0,0,0,0,0,False
147,Sam Montembeault,https://www.nhl.com/player/8478470,15,CAN,1996-10-30,218,75,4,False,False,False,False,False,True,True,False,0,4720139,4720139,4720139,4720139,0,0,0,0,0,0,,0,99,0,3,0,0,0,0,0,0,0,0,0,92,91,86,87,91,90,92,91,90,92,91,73,83,53,46,86,4,13434,2,2,0,0,13,115,64,0,0,0,0,4,0,0,1,0,0,380,600,600,0,0,0,0,0,0,0,0,0,0,0,0,0,0,0,0,0,0,0,0,0,0,False
148,Samuel Ersson,https://www.nhl.com/player/8481035,21,SWE,1999-10-20,194,75,3,False,False,False,False,False,True,True,False,0,2993885,2993885,2993885,0,0,0,0,0,0,0,,0,100,0,3,0,0,0,0,0,0,0,0,0,90,89,86,82,89,88,90,89,88,90,89,67,75,53,42,84,3,9183,1,2,0,0,9,81,46,0,1,0,0,3,0,0,0,0,1,0,320,320,0,0,0,0,0,0,0,0,0,0,0,0,0,0,0,0,0,0,0,0,0,0,False
149,Samuel Hlavaj,https://www.nhl.com/player/8482085,0,SVK,2001-05-29,218,76,4,False,False,False,False,False,True,True,False,0,2396485,2396485,2396485,2396485,0,0,0,0,0,0,,0,100,0,0,0,0,0,0,0,0,0,0,0,75,78,74,90,74,73,75,74,73,75,74,64,71,43,40,73,0,0,0,0,0,0,0,0,0,0,0,0,0,0,0,0,0,0,0,0,0,0,0,0,0,0,0,0,0,0,0,0,0,0,0,0,0,0,0,0,0,0,0,0,False
150,Scott Wedgewood,https://www.nhl.com/player/8475809,7,CAN,1992-08-14,201,74,3,False,False,False,False,False,True,True,False,0,5111840,5111840,5111840,0,0,0,0,0,0,0,,0,100,0,3,0,0,0,0,0,0,0,0,0,90,82,77,81,89,88,90,89,88,90,89,75,87,52,41,84,0,0,0,0,0,0,0,0,0,0,0,0,0,0,4,0,0,0,0,0,0,0,0,0,0,0,0,0,0,0,0,0,0,0,0,0,0,0,0,0,0,0,0,0,False
151,Sebastian Cossa,https://www.nhl.com/player/8482657,10,CAN,2002-11-21,229,78,3,False,False,False,False,False,True,True,False,0,2064194,2064194,2064194,0,0,0,0,0,0,0,,0,100,0,1,0,0,0,0,0,0,0,0,0,77,87,83,98,76,75,77,76,75,77,76,63,69,83,47,76,0,0,0,0,0,0,0,0,0,0,0,0,0,0,0,0,0,0,0,0,0,0,0,0,0,0,0,0,0,0,0,0,0,0,0,0,4,0,0,0,1,0,0,0,False
152,Semyon Varlamov,https://www.nhl.com/player/8473575,18,RUS,1988-04-27,201,74,2,False,False,False,False,False,True,True,False,0,5730536,5730536,0,0,0,0,0,0,0,0,,0,100,0,3,0,0,0,0,0,0,0,0,0,86,78,72,81,85,84,86,85,84,86,85,89,91,48,43,82,0,0,0,0,0,0,0,0,0,0,0,0,0,0,3,0,0,0,0,0,0,0,0,0,0,0,0,0,0,0,0,0,0,0,0,0,0,0,0,0,0,0,0,0,False
153,Sergei Bobrovsky,https://www.nhl.com/player/8475683,12,RUS,1988-09-20,180,74,5,False,False,False,False,False,True,True,False,0,4392390,4392390,4392390,4392390,4392390,0,0,0,0,0,,0,98,0,3,0,0,0,0,0,0,0,0,0,96,93,87,76,95,94,96,96,94,96,95,92,91,48,55,89,5,18150,4,1,0,0,15,158,79,0,1,0,0,5,0,0,0,0,0,120,820,820,0,0,0,0,0,0,0,0,0,0,0,0,0,0,0,0,0,0,0,0,0,0,False
154,Sergei Murashov,https://www.nhl.com/player/8483703,0,RUS,2004-04-01,175,74,4,False,False,False,False,False,True,True,False,0,2724707,2724707,2724707,2724707,0,0,0,0,0,0,,0,100,0,0,0,0,0,0,0,0,0,0,0,74,75,71,75,73,72,74,73,72,74,73,61,65,60,40,70,0,0,0,0,0,0,0,0,0,0,0,0,0,0,0,0,0,0,0,0,0,0,0,0,0,0,0,0,0,0,0,0,0,0,0,0,0,0,0,0,0,0,0,0,False
155,Spencer Knight,https://www.nhl.com/player/8481519,6,USA,2001-04-19,191,75,3,False,False,False,False,False,True,True,False,0,3046345,3046345,3046345,0,0,0,0,0,0,0,,0,100,0,3,0,0,0,0,0,0,0,0,0,83,87,83,84,82,81,83,82,81,83,82,65,71,83,42,79,2,2501,0,0,0,0,4,23,14,0,0,0,0,0,5,0,0,0,0,0,0,0,0,0,0,0,0,0,0,0,0,0,0,0,0,0,0,0,0,0,0,0,0,0,False
156,Spencer Martin,https://www.nhl.com/player/8477484,5,CAN,1995-06-08,191,75,1,False,False,False,False,False,True,True,False,0,2902709,0,0,0,0,0,0,0,0,0,,0,100,0,1,0,0,0,0,0,0,0,0,0,78,82,77,82,77,76,79,77,76,78,77,70,84,54,47,76,0,0,0,0,0,0,0,0,0,0,0,0,0,0,0,0,0,0,0,0,0,0,4,14361,3,1,0,1,14,94,55,0,1,0,0,4,0,0,0,0,0,310,410,410,False
157,Stuart Skinner,https://www.nhl.com/player/8479973,11,CAN,1998-11-01,230,76,1,False,False,False,False,False,True,True,False,0,4412572,0,0,0,0,0,0,0,0,0,,0,99,0,3,0,0,0,0,0,0,0,0,0,94,92,88,92,93,93,94,93,93,94,93,70,77,55,50,88,3,10800,3,0,0,0,8,88,50,0,1,0,0,3,0,0,0,0,0,420,840,840,0,0,0,0,0,0,0,0,0,0,0,0,0,0,0,0,0,0,0,0,0,0,False
158,Talyn Boyko,https://www.nhl.com/player/8482869,0,CAN,2002-10-16,206,78,4,False,False,False,False,False,True,True,False,0,2917421,2917421,2917421,2917421,0,0,0,0,0,0,,0,100,0,0,0,0,0,0,0,0,0,0,0,69,71,67,94,68,67,69,68,67,69,68,63,69,60,40,69,0,0,0,0,0,0,0,0,0,0,0,0,0,0,0,0,0,0,0,0,0,0,0,0,0,0,0,0,0,0,0,0,0,0,0,0,0,0,0,0,0,0,0,0,False
159,Thatcher Demko,https://www.nhl.com/player/8477967,29,USA,1995-12-08,192,76,3,False,False,False,False,False,True,True,False,0,6417654,6417654,6417654,0,0,0,0,0,0,0,,0,100,0,3,0,0,0,0,0,0,0,0,0,94,85,80,87,93,92,94,93,92,94,93,75,84,61,44,87,3,10750,2,1,0,0,12,84,42,0,2,0,0,3,0,0,0,0,0,0,220,220,0,0,0,0,0,0,0,0,0,0,0,0,0,0,0,0,0,0,0,0,0,0,False
160,Thomas Milic,https://www.nhl.com/player/8483114,0,CAN,2003-04-14,175,72,1,False,False,False,False,False,True,True,False,0,2205331,0,0,0,0,0,0,0,0,0,,0,100,0,0,0,0,0,0,0,0,0,0,0,71,81,77,72,70,69,71,70,69,71,70,62,67,49,40,69,0,0,0,0,0,0,0,0,0,0,0,0,0,0,0,0,0,0,0,0,0,0,0,0,0,0,0,0,0,0,0,0,0,0,0,0,0,0,0,0,0,0,0,0,False
161,Trent Miner,https://www.nhl.com/player/8481529,0,CAN,2001-02-05,185,73,2,False,False,False,False,False,True,True,False,0,3420375,3420375,0,0,0,0,0,0,0,0,,0,100,0,0,0,0,0,0,0,0,0,0,0,77,82,78,74,76,75,77,76,75,77,76,64,71,58,40,73,0,0,0,0,0,0,0,0,0,0,0,0,0,0,0,0,0,0,0,0,0,0,0,0,0,0,0,0,0,0,0,0,0,0,0,0,0,0,0,0,0,0,0,0,False
162,Tristan Jarry,https://www.nhl.com/player/8477465,22,CAN,1995-04-29,195,74,4,False,False,False,False,False,True,True,False,0,6286895,6286895,6286895,6286895,0,0,0,0,0,0,,0,100,0,3,0,0,0,0,0,0,0,0,0,87,90,85,79,86,85,87,86,85,87,86,75,84,59,42,82,1,1164,0,0,0,0,1,7,2,0,0,0,0,0,4,0,0,0,0,0,0,0,0,0,0,0,0,0,0,0,0,0,0,0,0,0,0,0,0,0,0,0,0,0,False
163,Tristan Lennox,https://www.nhl.com/player/8482668,0,CAN,2002-10-21,193,75,3,False,False,False,False,False,True,True,False,0,2514208,2514208,2514208,0,0,0,0,0,0,0,,0,100,0,0,0,0,0,0,0,0,0,0,0,59,72,68,82,58,57,59,58,57,59,58,63,69,62,40,62,0,0,0,0,0,0,0,0,0,0,0,0,0,0,0,0,0,0,0,0,0,0,0,0,0,0,0,0,0,0,0,0,0,0,0,0,0,0,0,0,0,0,0,0,False
164,Ty Young,https://www.nhl.com/player/8483751,0,CAN,2004-09-11,181,75,1,False,False,False,False,False,True,True,False,0,2646487,0,0,0,0,0,0,0,0,0,,0,100,0,0,0,0,0,0,0,0,0,0,0,73,74,70,80,72,71,73,72,71,73,72,61,65,56,40,70,0,0,0,0,0,0,0,0,0,0,0,0,0,0,0,0,0,0,0,0,0,0,0,0,0,0,0,0,0,0,0,0,0,0,0,0,0,0,0,0,0,0,0,0,False
165,Ukko-Pekka Luukkonen,https://www.nhl.com/player/8480045,3,FIN,1999-03-09,223,77,3,False,False,False,False,False,True,True,False,0,3694727,3694727,3694727,0,0,0,0,0,0,0,,0,98,0,3,0,0,0,0,0,0,0,0,0,92,91,88,94,91,90,92,91,90,92,91,68,75,67,47,86,4,12694,3,1,0,0,14,113,57,0,2,0,0,4,0,0,0,0,0,380,820,820,0,0,0,0,0,0,0,0,0,0,0,0,0,0,0,0,0,0,0,0,0,0,False
166,Vadim Zherenko,https://www.nhl.com/player/8481689,0,RUS,2001-03-15,176,74,2,False,False,False,False,False,True,True,False,0,2523769,2523769,0,0,0,0,0,0,0,0,,0,100,0,0,0,0,0,0,0,0,0,0,0,73,83,79,76,72,71,73,72,71,73,72,64,71,48,40,71,0,0,0,0,0,0,0,0,0,0,0,0,0,0,0,0,0,0,0,0,0,0,0,0,0,0,0,0,0,0,0,0,0,0,0,0,0,0,0,0,0,0,0,0,False
167,Victor Ostman,https://www.nhl.com/player/8484910,0,SWE,2000-10-03,205,76,4,False,False,False,False,False,True,True,False,0,3035141,3035141,3035141,3035141,0,0,0,0,0,0,,0,100,0,0,0,0,0,0,0,0,0,0,0,69,72,68,87,68,67,69,68,67,69,68,65,73,42,40,69,0,0,0,0,0,0,0,0,0,0,0,0,0,0,0,0,0,0,0,0,0,0,0,0,0,0,0,0,0,0,0,0,0,0,0,0,0,0,0,0,0,0,0,0,False
168,Ville Husso,https://www.nhl.com/player/8478024,1,FIN,1995-02-06,205,75,3,False,False,False,False,False,True,True,False,0,4557773,4557773,4557773,0,0,0,0,0,0,0,,0,100,0,1,0,0,0,0,0,0,0,0,0,80,81,76,84,79,78,80,79,78,80,79,72,84,54,48,77,0,0,0,0,0,0,0,0,0,0,0,0,0,0,0,0,0,0,0,0,0,0,3,10833,3,0,0,1,9,86,47,0,2,0,0,3,0,0,0,0,0,20,1550,1550,False
169,Vitek Vanecek,https://www.nhl.com/player/8477970,12,CZE,1996-01-09,184,74,5,False,False,False,False,False,True,True,False,0,3300380,3300380,3300380,3300380,3300380,0,0,0,0,0,,0,100,0,3,0,0,0,0,0,0,0,0,0,86,82,77,77,85,84,86,85,84,86,85,72,83,61,46,80,0,0,0,0,0,0,0,0,0,0,0,0,0,0,5,0,0,0,0,0,0,0,0,0,0,0,0,0,0,0,0,0,0,0,0,0,0,0,0,0,0,0,0,0,False
170,Vyacheslav Buteyets,https://www.nhl.com/player/8483746,0,RUS,2002-05-29,210,76,3,False,False,False,False,False,True,True,False,0,2233957,2233957,2233957,0,0,0,0,0,0,0,,0,100,0,0,0,0,0,0,0,0,0,0,0,57,70,66,88,56,55,57,56,55,57,56,63,69,49,40,61,0,0,0,0,0,0,0,0,0,0,0,0,0,0,0,0,0,0,0,0,0,0,0,0,0,0,0,0,0,0,0,0,0,0,0,0,0,0,0,0,0,0,0,0,False
171,Vyacheslav Peksa,https://www.nhl.com/player/8482940,0,RUS,2002-08-27,181,75,2,False,False,False,False,False,True,True,False,0,1471982,1471982,0,0,0,0,0,0,0,0,,0,100,0,0,0,0,0,0,0,0,0,0,0,60,70,66,80,59,58,60,59,58,60,59,63,69,49,40,62,0,0,0,0,0,0,0,0,0,0,0,0,0,0,0,0,0,0,0,0,0,0,0,0,0,0,0,0,0,0,0,0,0,0,0,0,0,0,0,0,0,0,0,0,False
172,Waltteri Ignatjew,https://www.nhl.com/player/8484939,0,FIN,1999-12-03,200,75,2,False,False,False,False,False,True,True,False,0,2547246,2547246,0,0,0,0,0,0,0,0,,0,100,0,0,0,0,0,0,0,0,0,0,0,71,76,72,83,70,69,71,70,69,71,70,66,75,42,40,70,0,0,0,0,0,0,0,0,0,0,0,0,0,0,0,0,0,0,0,0,0,0,0,0,0,0,0,0,0,0,0,0,0,0,0,0,0,0,0,0,0,0,0,0,False
173,Will Cranley,https://www.nhl.com/player/8482205,0,CAN,2002-02-26,183,76,4,False,False,False,False,False,True,True,False,0,1599691,1599691,1599691,1599691,0,0,0,0,0,0,,0,100,0,0,0,0,0,0,0,0,0,0,0,58,70,66,83,57,56,58,57,56,58,57,63,69,49,40,61,0,0,0,0,0,0,0,0,0,0,0,0,0,0,0,0,0,0,0,0,0,0,0,0,0,0,0,0,0,0,0,0,0,0,0,0,0,0,0,0,0,0,0,0,False
174,William Rousseau,https://www.nhl.com/player/8482752,0,CAN,2003-01-09,193,73,4,False,False,False,False,False,True,True,False,0,2487584,2487584,2487584,2487584,0,0,0,0,0,0,,0,100,0,0,0,0,0,0,0,0,0,0,0,69,71,67,76,68,67,69,68,67,69,68,62,67,44,40,67,0,0,0,0,0,0,0,0,0,0,0,0,0,0,0,0,0,0,0,0,0,0,0,0,0,0,0,0,0,0,0,0,0,0,0,0,0,0,0,0,0,0,0,0,False
175,Yaniv Perets,https://www.nhl.com/player/8484293,0,CAN,2000-03-04,181,73,2,False,False,False,False,False,True,True,False,0,2211859,2211859,0,0,0,0,0,0,0,0,,0,100,0,0,0,0,0,0,0,0,0,0,0,60,72,68,74,59,58,60,59,58,60,59,65,73,42,40,62,0,0,0,0,0,0,0,0,0,0,0,0,0,0,0,0,0,0,0,0,0,0,0,0,0,0,0,0,0,0,0,0,0,0,0,0,0,0,0,0,0,0,0,0,False
176,Yaroslav Askarov,https://www.nhl.com/player/8482137,23,RUS,2002-06-16,178,75,3,False,False,False,False,False,True,True,False,0,2159629,2159629,2159629,0,0,0,0,0,0,0,,0,100,0,3,0,0,0,0,0,0,0,0,0,77,87,83,79,76,75,77,76,75,77,76,63,69,84,39,74,0,0,0,0,0,0,0,0,0,0,0,0,0,0,3,0,0,0,0,0,0,0,0,0,0,0,0,0,0,0,0,0,0,0,0,0,0,0,0,0,0,0,0,0,False
177,Zach Sawchenko,https://www.nhl.com/player/8479313,0,CAN,1997-12-30,185,73,1,False,False,False,False,False,True,True,False,0,2846877,0,0,0,0,0,0,0,0,0,,0,100,0,0,0,0,0,0,0,0,0,0,0,72,77,72,74,71,70,72,71,70,72,71,68,81,36,40,70,0,0,0,0,0,0,0,0,0,0,0,0,0,0,0,0,0,0,0,0,0,0,0,0,0,0,0,0,0,0,0,0,0,0,0,0,0,0,0,0,0,0,0,0,False
