Game Number,Day,Play,Visitor Team,Visitor Score,Home Team,Home Score,Overtime,Shutout,Link,Empty
1,1,True,6,1,12,7,False,False,UHA-1.html,
2,1,True,22,3,19,5,False,False,UHA-2.html,
3,1,True,7,4,13,6,False,False,UHA-3.html,
4,2,True,15,1,27,7,False,False,UHA-4.html,
5,2,True,2,4,31,6,False,False,UHA-5.html,
6,2,True,4,1,11,9,False,False,UHA-6.html,
7,2,True,13,1,30,2,True,True,UHA-7.html,
8,3,True,6,3,2,4,True,False,UHA-8.html,
9,3,True,19,6,3,8,False,False,UHA-9.html,
10,3,True,15,3,10,5,False,False,UHA-10.html,
11,3,True,20,4,26,5,True,False,UHA-11.html,
12,3,True,21,6,12,3,False,False,UHA-12.html,
13,3,True,18,2,22,3,False,False,UHA-13.html,
14,3,True,17,5,5,1,False,False,UHA-14.html,
15,3,True,14,7,25,2,False,False,UHA-15.html,
16,3,True,8,1,16,3,False,False,UHA-16.html,
17,3,True,9,4,32,3,False,False,UHA-17.html,
18,3,True,28,2,7,7,False,False,UHA-18.html,
19,3,True,4,2,29,6,False,False,UHA-19.html,
20,3,True,30,2,23,3,False,False,UHA-20.html,
21,3,True,1,2,24,4,False,False,UHA-21.html,
22,5,True,13,4,32,7,False,False,UHA-22.html,
23,5,True,25,3,4,5,False,False,UHA-23.html,
24,5,True,3,5,2,1,False,False,UHA-24.html,
25,5,True,27,4,10,3,False,False,UHA-25.html,
26,5,True,17,3,26,7,False,False,UHA-26.html,
27,5,True,20,4,12,5,False,False,UHA-27.html,
28,5,True,31,2,18,3,False,False,UHA-28.html,
29,5,True,19,5,22,3,False,False,UHA-29.html,
30,5,True,21,1,5,7,False,False,UHA-30.html,
31,5,True,15,3,6,2,True,False,UHA-31.html,
32,5,True,28,4,16,3,False,False,UHA-32.html,
33,5,True,8,5,14,2,False,False,UHA-33.html,
34,5,True,9,5,7,4,True,False,UHA-34.html,
35,5,True,29,5,11,6,False,False,UHA-35.html,
36,5,True,1,3,23,1,False,False,UHA-36.html,
37,5,True,30,8,24,4,False,False,UHA-37.html,
38,6,True,31,5,19,1,False,False,UHA-38.html,
39,7,True,7,8,3,4,False,False,UHA-39.html,
40,7,True,26,4,2,1,False,False,UHA-40.html,
41,7,True,16,5,20,3,False,False,UHA-41.html,
42,7,True,32,2,18,5,False,False,UHA-42.html,
43,7,True,10,2,27,3,False,False,UHA-43.html,
44,7,True,12,2,21,1,False,False,UHA-44.html,
45,7,True,17,3,8,4,False,False,UHA-45.html,
46,7,True,25,4,29,5,False,False,UHA-46.html,
47,7,True,13,3,14,6,False,False,UHA-47.html,
48,7,True,28,3,6,2,False,False,UHA-48.html,
49,8,True,16,1,27,5,False,False,UHA-49.html,
50,8,True,24,1,15,2,False,False,UHA-50.html,
51,8,True,11,10,19,2,False,False,UHA-51.html,
52,8,True,26,5,31,7,False,False,UHA-52.html,
53,8,True,30,0,4,2,False,False,UHA-53.html,
54,8,True,14,2,9,7,False,False,UHA-54.html,
55,8,True,5,3,23,2,True,True,UHA-55.html,
56,8,True,22,7,1,5,False,False,UHA-56.html,
57,9,True,20,2,3,7,False,False,UHA-57.html,
58,9,True,12,4,10,3,True,False,UHA-58.html,
59,9,True,6,0,25,5,False,False,UHA-59.html,
60,9,True,4,3,28,2,False,False,UHA-60.html,
61,10,False,19,0,27,0,False,False,UHA-61.html,
62,10,False,16,0,15,0,False,False,UHA-62.html,
63,10,False,24,0,20,0,False,False,UHA-63.html,
64,10,False,12,0,17,0,False,False,UHA-64.html,
65,10,False,11,0,18,0,False,False,UHA-65.html,
66,10,False,32,0,21,0,False,False,UHA-66.html,
67,10,False,7,0,8,0,False,False,UHA-67.html,
68,10,False,29,0,9,0,False,False,UHA-68.html,
69,10,False,2,0,30,0,False,False,UHA-69.html,
70,10,False,5,0,1,0,False,False,UHA-70.html,
71,10,False,22,0,13,0,False,False,UHA-71.html,
72,11,False,26,0,10,0,False,False,UHA-72.html,
73,11,False,14,0,31,0,False,False,UHA-73.html,
74,11,False,29,0,6,0,False,False,UHA-74.html,
75,11,False,23,0,28,0,False,False,UHA-75.html,
76,12,False,12,0,3,0,False,False,UHA-76.html,
77,12,False,18,0,20,0,False,False,UHA-77.html,
78,12,False,11,0,17,0,False,False,UHA-78.html,
79,12,False,24,0,27,0,False,False,UHA-79.html,
80,12,False,19,0,15,0,False,False,UHA-80.html,
81,12,False,14,0,21,0,False,False,UHA-81.html,
82,12,False,26,0,8,0,False,False,UHA-82.html,
83,12,False,9,0,25,0,False,False,UHA-83.html,
84,12,False,16,0,32,0,False,False,UHA-84.html,
85,12,False,2,0,7,0,False,False,UHA-85.html,
86,12,False,5,0,13,0,False,False,UHA-86.html,
87,12,False,4,0,30,0,False,False,UHA-87.html,
88,12,False,22,0,23,0,False,False,UHA-88.html,
89,13,False,29,0,31,0,False,False,UHA-89.html,
90,13,False,11,0,10,0,False,False,UHA-90.html,
91,13,False,1,0,6,0,False,False,UHA-91.html,
92,13,False,2,0,28,0,False,False,UHA-92.html,
93,14,False,14,0,19,0,False,False,UHA-93.html,
94,14,False,24,0,21,0,False,False,UHA-94.html,
95,14,False,3,0,15,0,False,False,UHA-95.html,
96,14,False,32,0,4,0,False,False,UHA-96.html,
97,14,False,5,0,30,0,False,False,UHA-97.html,
98,15,False,17,0,27,0,False,False,UHA-98.html,
99,15,False,11,0,20,0,False,False,UHA-99.html,
100,15,False,23,0,18,0,False,False,UHA-100.html,
101,15,False,29,0,22,0,False,False,UHA-101.html,
102,15,False,24,0,31,0,False,False,UHA-102.html,
103,15,False,12,0,2,0,False,False,UHA-103.html,
104,15,False,13,0,25,0,False,False,UHA-104.html,
105,15,False,1,0,16,0,False,False,UHA-105.html,
106,15,False,8,0,9,0,False,False,UHA-106.html,
107,15,False,7,0,28,0,False,False,UHA-107.html,
108,16,False,14,0,17,0,False,False,UHA-108.html,
109,16,False,10,0,3,0,False,False,UHA-109.html,
110,16,False,15,0,4,0,False,False,UHA-110.html,
111,17,False,1,0,2,0,False,False,UHA-111.html,
112,17,False,21,0,20,0,False,False,UHA-112.html,
113,17,False,6,0,26,0,False,False,UHA-113.html,
114,17,False,22,0,12,0,False,False,UHA-114.html,
115,17,False,10,0,18,0,False,False,UHA-115.html,
116,17,False,23,0,19,0,False,False,UHA-116.html,
117,17,False,28,0,25,0,False,False,UHA-117.html,
118,17,False,29,0,16,0,False,False,UHA-118.html,
119,17,False,13,0,9,0,False,False,UHA-119.html,
120,17,False,24,0,32,0,False,False,UHA-120.html,
121,17,False,5,0,7,0,False,False,UHA-121.html,
122,17,False,15,0,11,0,False,False,UHA-122.html,
123,18,False,27,0,3,0,False,False,UHA-123.html,
124,18,False,23,0,17,0,False,False,UHA-124.html,
125,18,False,31,0,8,0,False,False,UHA-125.html,
126,18,False,4,0,32,0,False,False,UHA-126.html,
127,19,False,18,0,21,0,False,False,UHA-127.html,
128,19,False,7,0,2,0,False,False,UHA-128.html,
129,19,False,1,0,26,0,False,False,UHA-129.html,
130,19,False,30,0,12,0,False,False,UHA-130.html,
131,19,False,28,0,14,0,False,False,UHA-131.html,
132,19,False,3,0,27,0,False,False,UHA-132.html,
133,19,False,25,0,10,0,False,False,UHA-133.html,
134,19,False,8,0,22,0,False,False,UHA-134.html,
135,19,False,20,0,31,0,False,False,UHA-135.html,
136,19,False,15,0,29,0,False,False,UHA-136.html,
137,19,False,13,0,16,0,False,False,UHA-137.html,
138,19,False,5,0,9,0,False,False,UHA-138.html,
139,19,False,11,0,24,0,False,False,UHA-139.html,
140,20,False,7,0,17,0,False,False,UHA-140.html,
141,20,False,30,0,26,0,False,False,UHA-141.html,
142,20,False,23,0,14,0,False,False,UHA-142.html,
143,20,False,28,0,32,0,False,False,UHA-143.html,
144,20,False,13,0,6,0,False,False,UHA-144.html,
145,20,False,9,0,16,0,False,False,UHA-145.html,
146,20,False,19,0,4,0,False,False,UHA-146.html,
147,20,False,11,0,29,0,False,False,UHA-147.html,
148,21,False,25,0,22,0,False,False,UHA-148.html,
149,21,False,2,0,20,0,False,False,UHA-149.html,
150,22,False,22,0,21,0,False,False,UHA-150.html,
151,22,False,4,0,27,0,False,False,UHA-151.html,
152,22,False,8,0,3,0,False,False,UHA-152.html,
153,22,False,1,0,12,0,False,False,UHA-153.html,
154,22,False,18,0,2,0,False,False,UHA-154.html,
155,22,False,30,0,5,0,False,False,UHA-155.html,
156,22,False,26,0,16,0,False,False,UHA-156.html,
157,22,False,32,0,14,0,False,False,UHA-157.html,
158,22,False,10,0,25,0,False,False,UHA-158.html,
159,22,False,31,0,9,0,False,False,UHA-159.html,
160,22,False,20,0,6,0,False,False,UHA-160.html,
161,22,False,17,0,7,0,False,False,UHA-161.html,
162,22,False,28,0,11,0,False,False,UHA-162.html,
163,22,False,19,0,29,0,False,False,UHA-163.html,
164,22,False,15,0,24,0,False,False,UHA-164.html,
165,22,False,13,0,23,0,False,False,UHA-165.html,
166,23,False,27,0,8,0,False,False,UHA-166.html,
167,24,False,3,0,2,0,False,False,UHA-167.html,
168,24,False,4,0,20,0,False,False,UHA-168.html,
169,24,False,9,0,26,0,False,False,UHA-169.html,
170,24,False,16,0,21,0,False,False,UHA-170.html,
171,24,False,18,0,5,0,False,False,UHA-171.html,
172,24,False,29,0,25,0,False,False,UHA-172.html,
173,24,False,22,0,14,0,False,False,UHA-173.html,
174,24,False,6,0,32,0,False,False,UHA-174.html,
175,24,False,19,0,11,0,False,False,UHA-175.html,
176,24,False,17,0,23,0,False,False,UHA-176.html,
177,24,False,10,0,13,0,False,False,UHA-177.html,
178,25,False,7,0,30,0,False,False,UHA-178.html,
179,25,False,18,0,31,0,False,False,UHA-179.html,
180,25,False,10,0,1,0,False,False,UHA-180.html,
181,26,False,5,0,2,0,False,False,UHA-181.html,
182,26,False,22,0,32,0,False,False,UHA-182.html,
183,26,False,4,0,16,0,False,False,UHA-183.html,
184,26,False,7,0,23,0,False,False,UHA-184.html,
185,26,False,9,0,12,0,False,False,UHA-185.html,
186,26,False,31,0,3,0,False,False,UHA-186.html,
187,26,False,20,0,15,0,False,False,UHA-187.html,
188,26,False,27,0,21,0,False,False,UHA-188.html,
189,26,False,25,0,8,0,False,False,UHA-189.html,
190,26,False,29,0,14,0,False,False,UHA-190.html,
191,26,False,17,0,13,0,False,False,UHA-191.html,
192,26,False,6,0,11,0,False,False,UHA-192.html,
193,26,False,19,0,24,0,False,False,UHA-193.html,
194,27,False,26,0,28,0,False,False,UHA-194.html,
195,27,False,8,0,18,0,False,False,UHA-195.html,
196,27,False,4,0,21,0,False,False,UHA-196.html,
197,27,False,17,0,1,0,False,False,UHA-197.html,
198,27,False,10,0,23,0,False,False,UHA-198.html,
199,28,False,22,0,27,0,False,False,UHA-199.html,
200,28,False,11,0,25,0,False,False,UHA-200.html,
201,28,False,29,0,16,0,False,False,UHA-201.html,
202,28,False,6,0,24,0,False,False,UHA-202.html,
203,29,False,28,0,3,0,False,False,UHA-203.html,
204,29,False,21,0,15,0,False,False,UHA-204.html,
205,29,False,2,0,18,0,False,False,UHA-205.html,
206,29,False,5,0,19,0,False,False,UHA-206.html,
207,29,False,11,0,9,0,False,False,UHA-207.html,
208,29,False,16,0,14,0,False,False,UHA-208.html,
209,29,False,26,0,7,0,False,False,UHA-209.html,
210,29,False,10,0,30,0,False,False,UHA-210.html,
211,29,False,12,0,1,0,False,False,UHA-211.html,
212,29,False,32,0,13,0,False,False,UHA-212.html,
213,30,False,28,0,27,0,False,False,UHA-213.html,
214,30,False,25,0,31,0,False,False,UHA-214.html,
215,30,False,8,0,4,0,False,False,UHA-215.html,
216,30,False,6,0,29,0,False,False,UHA-216.html,
217,30,False,23,0,24,0,False,False,UHA-217.html,
218,31,False,20,0,2,0,False,False,UHA-218.html,
219,31,False,25,0,3,0,False,False,UHA-219.html,
220,31,False,15,0,17,0,False,False,UHA-220.html,
221,31,False,31,0,22,0,False,False,UHA-221.html,
222,31,False,14,0,5,0,False,False,UHA-222.html,
223,31,False,21,0,16,0,False,False,UHA-223.html,
224,31,False,1,0,9,0,False,False,UHA-224.html,
225,31,False,26,0,30,0,False,False,UHA-225.html,
226,31,False,12,0,13,0,False,False,UHA-226.html,
227,32,False,19,0,10,0,False,False,UHA-227.html,
228,32,False,14,0,18,0,False,False,UHA-228.html,
229,32,False,6,0,4,0,False,False,UHA-229.html,
230,32,False,32,0,23,0,False,False,UHA-230.html,
231,33,False,22,0,17,0,False,False,UHA-231.html,
232,33,False,20,0,21,0,False,False,UHA-232.html,
233,33,False,9,0,16,0,False,False,UHA-233.html,
234,33,False,2,0,27,0,False,False,UHA-234.html,
235,33,False,28,0,15,0,False,False,UHA-235.html,
236,33,False,31,0,26,0,False,False,UHA-236.html,
237,33,False,18,0,19,0,False,False,UHA-237.html,
238,33,False,3,0,5,0,False,False,UHA-238.html,
239,33,False,24,0,25,0,False,False,UHA-239.html,
240,33,False,7,0,11,0,False,False,UHA-240.html,
241,33,False,8,0,29,0,False,False,UHA-241.html,
242,33,False,1,0,30,0,False,False,UHA-242.html,
243,33,False,12,0,23,0,False,False,UHA-243.html,
244,34,False,6,0,10,0,False,False,UHA-244.html,
245,34,False,13,0,22,0,False,False,UHA-245.html,
246,34,False,5,0,27,0,False,False,UHA-246.html,
247,34,False,28,0,20,0,False,False,UHA-247.html,
248,34,False,24,0,9,0,False,False,UHA-248.html,
249,34,False,4,0,14,0,False,False,UHA-249.html,
250,34,False,7,0,29,0,False,False,UHA-250.html,
251,34,False,32,0,1,0,False,False,UHA-251.html,
252,35,False,18,0,17,0,False,False,UHA-252.html,
253,35,False,16,0,19,0,False,False,UHA-253.html,
254,35,False,8,0,11,0,False,False,UHA-254.html,
255,35,False,12,0,30,0,False,False,UHA-255.html,
256,36,False,27,0,2,0,False,False,UHA-256.html,
257,36,False,13,0,15,0,False,False,UHA-257.html,
258,36,False,9,0,20,0,False,False,UHA-258.html,
259,36,False,31,0,5,0,False,False,UHA-259.html,
260,36,False,4,0,25,0,False,False,UHA-260.html,
261,36,False,23,0,14,0,False,False,UHA-261.html,
262,36,False,1,0,7,0,False,False,UHA-262.html,
263,36,False,32,0,29,0,False,False,UHA-263.html,
264,36,False,8,0,24,0,False,False,UHA-264.html,
265,37,False,19,0,26,0,False,False,UHA-265.html,
266,37,False,11,0,21,0,False,False,UHA-266.html,
267,37,False,3,0,28,0,False,False,UHA-267.html,
268,37,False,17,0,6,0,False,False,UHA-268.html,
269,38,False,13,0,27,0,False,False,UHA-269.html,
270,38,False,9,0,15,0,False,False,UHA-270.html,
271,38,False,2,0,20,0,False,False,UHA-271.html,
272,38,False,1,0,10,0,False,False,UHA-272.html,
273,38,False,31,0,12,0,False,False,UHA-273.html,
274,38,False,11,0,8,0,False,False,UHA-274.html,
275,38,False,3,0,7,0,False,False,UHA-275.html,
276,38,False,23,0,4,0,False,False,UHA-276.html,
277,38,False,18,0,30,0,False,False,UHA-277.html,
278,38,False,32,0,24,0,False,False,UHA-278.html,
279,39,False,29,0,5,0,False,False,UHA-279.html,
280,39,False,21,0,25,0,False,False,UHA-280.html,
281,39,False,22,0,16,0,False,False,UHA-281.html,
282,39,False,18,0,28,0,False,False,UHA-282.html,
283,40,False,26,0,12,0,False,False,UHA-283.html,
284,40,False,1,0,14,0,False,False,UHA-284.html,
285,40,False,2,0,15,0,False,False,UHA-285.html,
286,40,False,13,0,20,0,False,False,UHA-286.html,
287,40,False,3,0,10,0,False,False,UHA-287.html,
288,40,False,17,0,31,0,False,False,UHA-288.html,
289,40,False,11,0,5,0,False,False,UHA-289.html,
290,40,False,19,0,8,0,False,False,UHA-290.html,
291,40,False,27,0,6,0,False,False,UHA-291.html,
292,40,False,30,0,25,0,False,False,UHA-292.html,
293,40,False,21,0,9,0,False,False,UHA-293.html,
294,40,False,32,0,4,0,False,False,UHA-294.html,
295,40,False,23,0,24,0,False,False,UHA-295.html,
296,41,False,16,0,22,0,False,False,UHA-296.html,
297,41,False,29,0,26,0,False,False,UHA-297.html,
298,41,False,30,0,14,0,False,False,UHA-298.html,
299,41,False,10,0,19,0,False,False,UHA-299.html,
300,41,False,18,0,7,0,False,False,UHA-300.html,
301,42,False,5,0,2,0,False,False,UHA-301.html,
302,42,False,11,0,3,0,False,False,UHA-302.html,
303,42,False,29,0,12,0,False,False,UHA-303.html,
304,42,False,13,0,31,0,False,False,UHA-304.html,
305,42,False,15,0,8,0,False,False,UHA-305.html,
306,42,False,28,0,1,0,False,False,UHA-306.html,
307,43,False,25,0,27,0,False,False,UHA-307.html,
308,43,False,24,0,10,0,False,False,UHA-308.html,
309,43,False,17,0,26,0,False,False,UHA-309.html,
310,43,False,18,0,9,0,False,False,UHA-310.html,
311,43,False,8,0,32,0,False,False,UHA-311.html,
312,43,False,4,0,6,0,False,False,UHA-312.html,
313,43,False,19,0,30,0,False,False,UHA-313.html,
314,43,False,28,0,23,0,False,False,UHA-314.html,
315,44,False,11,0,31,0,False,False,UHA-315.html,
316,44,False,4,0,3,0,False,False,UHA-316.html,
317,44,False,5,0,14,0,False,False,UHA-317.html,
318,44,False,2,0,1,0,False,False,UHA-318.html,
319,45,False,8,0,27,0,False,False,UHA-319.html,
320,45,False,31,0,15,0,False,False,UHA-320.html,
321,45,False,18,0,10,0,False,False,UHA-321.html,
322,45,False,11,0,26,0,False,False,UHA-322.html,
323,45,False,17,0,12,0,False,False,UHA-323.html,
324,45,False,25,0,21,0,False,False,UHA-324.html,
325,45,False,24,0,6,0,False,False,UHA-325.html,
326,45,False,19,0,7,0,False,False,UHA-326.html,
327,45,False,30,0,28,0,False,False,UHA-327.html,
328,45,False,9,0,29,0,False,False,UHA-328.html,
329,45,False,20,0,1,0,False,False,UHA-329.html,
330,45,False,13,0,23,0,False,False,UHA-330.html,
331,46,False,6,0,3,0,False,False,UHA-331.html,
332,46,False,14,0,22,0,False,False,UHA-332.html,
333,46,False,5,0,32,0,False,False,UHA-333.html,
334,46,False,2,0,13,0,False,False,UHA-334.html,
335,47,False,8,0,10,0,False,False,UHA-335.html,
336,47,False,25,0,18,0,False,False,UHA-336.html,
337,47,False,27,0,15,0,False,False,UHA-337.html,
338,47,False,11,0,12,0,False,False,UHA-338.html,
339,47,False,17,0,21,0,False,False,UHA-339.html,
340,47,False,24,0,22,0,False,False,UHA-340.html,
341,47,False,26,0,31,0,False,False,UHA-341.html,
342,47,False,20,0,23,0,False,False,UHA-342.html,
343,47,False,7,0,16,0,False,False,UHA-343.html,
344,47,False,19,0,28,0,False,False,UHA-344.html,
345,47,False,9,0,4,0,False,False,UHA-345.html,
346,47,False,30,0,1,0,False,False,UHA-346.html,
347,48,False,5,0,3,0,False,False,UHA-347.html,
348,48,False,14,0,32,0,False,False,UHA-348.html,
349,48,False,24,0,18,0,False,False,UHA-349.html,
350,48,False,7,0,6,0,False,False,UHA-350.html,
351,48,False,2,0,23,0,False,False,UHA-351.html,
352,48,False,4,0,29,0,False,False,UHA-352.html,
353,49,False,21,0,26,0,False,False,UHA-353.html,
354,49,False,10,0,17,0,False,False,UHA-354.html,
355,49,False,25,0,19,0,False,False,UHA-355.html,
356,49,False,8,0,31,0,False,False,UHA-356.html,
357,49,False,12,0,16,0,False,False,UHA-357.html,
358,49,False,30,0,28,0,False,False,UHA-358.html,
359,49,False,20,0,13,0,False,False,UHA-359.html,
360,50,False,9,0,11,0,False,False,UHA-360.html,
361,51,False,16,0,10,0,False,False,UHA-361.html,
362,51,False,4,0,26,0,False,False,UHA-362.html,
363,51,False,21,0,12,0,False,False,UHA-363.html,
364,51,False,25,0,17,0,False,False,UHA-364.html,
365,51,False,2,0,18,0,False,False,UHA-365.html,
366,51,False,3,0,22,0,False,False,UHA-366.html,
367,51,False,32,0,31,0,False,False,UHA-367.html,
368,51,False,19,0,5,0,False,False,UHA-368.html,
369,51,False,27,0,8,0,False,False,UHA-369.html,
370,51,False,14,0,6,0,False,False,UHA-370.html,
371,51,False,23,0,7,0,False,False,UHA-371.html,
372,51,False,15,0,28,0,False,False,UHA-372.html,
373,51,False,20,0,30,0,False,False,UHA-373.html,
374,51,False,29,0,1,0,False,False,UHA-374.html,
375,51,False,9,0,24,0,False,False,UHA-375.html,
376,53,False,19,0,2,0,False,False,UHA-376.html,
377,53,False,26,0,10,0,False,False,UHA-377.html,
378,53,False,7,0,14,0,False,False,UHA-378.html,
379,53,False,17,0,3,0,False,False,UHA-379.html,
380,53,False,4,0,12,0,False,False,UHA-380.html,
381,53,False,21,0,18,0,False,False,UHA-381.html,
382,53,False,20,0,25,0,False,False,UHA-382.html,
383,53,False,15,0,30,0,False,False,UHA-383.html,
384,53,False,13,0,1,0,False,False,UHA-384.html,
385,53,False,29,0,23,0,False,False,UHA-385.html,
386,53,False,27,0,31,0,False,False,UHA-386.html,
387,53,False,32,0,5,0,False,False,UHA-387.html,
388,53,False,22,0,8,0,False,False,UHA-388.html,
389,53,False,16,0,6,0,False,False,UHA-389.html,
390,53,False,28,0,9,0,False,False,UHA-390.html,
391,54,False,26,0,19,0,False,False,UHA-391.html,
392,54,False,15,0,7,0,False,False,UHA-392.html,
393,54,False,11,0,24,0,False,False,UHA-393.html,
394,54,False,10,0,2,0,False,False,UHA-394.html,
395,54,False,21,0,17,0,False,False,UHA-395.html,
396,54,False,27,0,22,0,False,False,UHA-396.html,
397,54,False,32,0,16,0,False,False,UHA-397.html,
398,54,False,28,0,25,0,False,False,UHA-398.html,
399,54,False,3,0,14,0,False,False,UHA-399.html,
400,54,False,23,0,30,0,False,False,UHA-400.html,
401,54,False,29,0,13,0,False,False,UHA-401.html,
402,55,False,31,0,18,0,False,False,UHA-402.html,
403,55,False,1,0,6,0,False,False,UHA-403.html,
404,55,False,4,0,5,0,False,False,UHA-404.html,
405,55,False,20,0,9,0,False,False,UHA-405.html,
406,56,False,8,0,17,0,False,False,UHA-406.html,
407,56,False,22,0,21,0,False,False,UHA-407.html,
408,56,False,32,0,3,0,False,False,UHA-408.html,
409,56,False,1,0,25,0,False,False,UHA-409.html,
410,56,False,28,0,23,0,False,False,UHA-410.html,
411,57,False,20,0,15,0,False,False,UHA-411.html,
412,57,False,2,0,10,0,False,False,UHA-412.html,
413,57,False,27,0,12,0,False,False,UHA-413.html,
414,57,False,26,0,18,0,False,False,UHA-414.html,
415,57,False,9,0,19,0,False,False,UHA-415.html,
416,57,False,4,0,16,0,False,False,UHA-416.html,
417,57,False,29,0,7,0,False,False,UHA-417.html,
418,57,False,14,0,11,0,False,False,UHA-418.html,
419,57,False,6,0,30,0,False,False,UHA-419.html,
420,57,False,31,0,13,0,False,False,UHA-420.html,
421,58,False,9,0,17,0,False,False,UHA-421.html,
422,58,False,32,0,15,0,False,False,UHA-422.html,
423,58,False,3,0,21,0,False,False,UHA-423.html,
424,58,False,28,0,1,0,False,False,UHA-424.html,
425,58,False,31,0,23,0,False,False,UHA-425.html,
426,59,False,25,0,2,0,False,False,UHA-426.html,
427,59,False,19,0,20,0,False,False,UHA-427.html,
428,59,False,22,0,26,0,False,False,UHA-428.html,
429,59,False,16,0,12,0,False,False,UHA-429.html,
430,59,False,7,0,18,0,False,False,UHA-430.html,
431,59,False,27,0,5,0,False,False,UHA-431.html,
432,59,False,10,0,8,0,False,False,UHA-432.html,
433,59,False,14,0,4,0,False,False,UHA-433.html,
434,59,False,24,0,11,0,False,False,UHA-434.html,
435,59,False,6,0,13,0,False,False,UHA-435.html,
436,60,False,30,0,17,0,False,False,UHA-436.html,
437,60,False,3,0,32,0,False,False,UHA-437.html,
438,60,False,23,0,9,0,False,False,UHA-438.html,
439,60,False,28,0,29,0,False,False,UHA-439.html,
440,60,False,31,0,1,0,False,False,UHA-440.html,
441,61,False,7,0,19,0,False,False,UHA-441.html,
442,61,False,8,0,12,0,False,False,UHA-442.html,
443,61,False,17,0,2,0,False,False,UHA-443.html,
444,61,False,15,0,27,0,False,False,UHA-444.html,
445,61,False,25,0,20,0,False,False,UHA-445.html,
446,61,False,18,0,26,0,False,False,UHA-446.html,
447,61,False,16,0,5,0,False,False,UHA-447.html,
448,61,False,28,0,4,0,False,False,UHA-448.html,
449,61,False,6,0,13,0,False,False,UHA-449.html,
450,61,False,32,0,11,0,False,False,UHA-450.html,
451,61,False,14,0,29,0,False,False,UHA-451.html,
452,61,False,10,0,24,0,False,False,UHA-452.html,
453,62,False,7,0,21,0,False,False,UHA-453.html,
454,62,False,18,0,12,0,False,False,UHA-454.html,
455,62,False,23,0,5,0,False,False,UHA-455.html,
456,62,False,22,0,9,0,False,False,UHA-456.html,
457,62,False,25,0,15,0,False,False,UHA-457.html,
458,62,False,30,0,19,0,False,False,UHA-458.html,
459,62,False,8,0,31,0,False,False,UHA-459.html,
460,62,False,6,0,1,0,False,False,UHA-460.html,
461,63,False,26,0,27,0,False,False,UHA-461.html,
462,63,False,13,0,28,0,False,False,UHA-462.html,
463,63,False,3,0,4,0,False,False,UHA-463.html,
464,63,False,10,0,29,0,False,False,UHA-464.html,
465,63,False,14,0,24,0,False,False,UHA-465.html,
466,64,False,26,0,15,0,False,False,UHA-466.html,
467,64,False,17,0,20,0,False,False,UHA-467.html,
468,64,False,30,0,18,0,False,False,UHA-468.html,
469,64,False,23,0,21,0,False,False,UHA-469.html,
470,64,False,1,0,22,0,False,False,UHA-470.html,
471,64,False,8,0,5,0,False,False,UHA-471.html,
472,64,False,2,0,25,0,False,False,UHA-472.html,
473,64,False,9,0,32,0,False,False,UHA-473.html,
474,64,False,3,0,11,0,False,False,UHA-474.html,
475,64,False,7,0,16,0,False,False,UHA-475.html,
476,65,False,19,0,6,0,False,False,UHA-476.html,
477,65,False,10,0,4,0,False,False,UHA-477.html,
478,65,False,12,0,28,0,False,False,UHA-478.html,
479,65,False,13,0,24,0,False,False,UHA-479.html,
480,66,False,23,0,27,0,False,False,UHA-480.html,
481,66,False,26,0,17,0,False,False,UHA-481.html,
482,66,False,1,0,18,0,False,False,UHA-482.html,
483,66,False,30,0,21,0,False,False,UHA-483.html,
484,66,False,15,0,22,0,False,False,UHA-484.html,
485,66,False,5,0,31,0,False,False,UHA-485.html,
486,66,False,20,0,8,0,False,False,UHA-486.html,
487,66,False,25,0,16,0,False,False,UHA-487.html,
488,66,False,9,0,14,0,False,False,UHA-488.html,
489,66,False,2,0,32,0,False,False,UHA-489.html,
490,66,False,12,0,7,0,False,False,UHA-490.html,
491,66,False,10,0,11,0,False,False,UHA-491.html,
492,66,False,3,0,29,0,False,False,UHA-492.html,
493,67,False,6,0,25,0,False,False,UHA-493.html,
494,67,False,24,0,28,0,False,False,UHA-494.html,
495,68,False,1,0,17,0,False,False,UHA-495.html,
496,68,False,20,0,14,0,False,False,UHA-496.html,
497,68,False,23,0,22,0,False,False,UHA-497.html,
498,68,False,26,0,18,0,False,False,UHA-498.html,
499,68,False,11,0,27,0,False,False,UHA-499.html,
500,68,False,15,0,19,0,False,False,UHA-500.html,
501,68,False,5,0,21,0,False,False,UHA-501.html,
502,68,False,30,0,8,0,False,False,UHA-502.html,
503,68,False,31,0,32,0,False,False,UHA-503.html,
504,68,False,10,0,6,0,False,False,UHA-504.html,
505,68,False,12,0,9,0,False,False,UHA-505.html,
506,68,False,16,0,7,0,False,False,UHA-506.html,
507,68,False,4,0,13,0,False,False,UHA-507.html,
508,69,False,29,0,17,0,False,False,UHA-508.html,
509,69,False,28,0,22,0,False,False,UHA-509.html,
510,69,False,21,0,5,0,False,False,UHA-510.html,
511,69,False,2,0,14,0,False,False,UHA-511.html,
512,69,False,11,0,15,0,False,False,UHA-512.html,
513,69,False,3,0,24,0,False,False,UHA-513.html,
514,70,False,12,0,26,0,False,False,UHA-514.html,
515,70,False,1,0,19,0,False,False,UHA-515.html,
516,70,False,20,0,32,0,False,False,UHA-516.html,
517,70,False,16,0,25,0,False,False,UHA-517.html,
518,70,False,13,0,9,0,False,False,UHA-518.html,
519,71,False,28,0,2,0,False,False,UHA-519.html,
520,71,False,6,0,27,0,False,False,UHA-520.html,
521,71,False,21,0,15,0,False,False,UHA-521.html,
522,71,False,18,0,10,0,False,False,UHA-522.html,
523,71,False,29,0,19,0,False,False,UHA-523.html,
524,71,False,11,0,22,0,False,False,UHA-524.html,
525,71,False,1,0,8,0,False,False,UHA-525.html,
526,71,False,31,0,14,0,False,False,UHA-526.html,
527,71,False,4,0,23,0,False,False,UHA-527.html,
528,71,False,7,0,24,0,False,False,UHA-528.html,
529,72,False,13,0,12,0,False,False,UHA-529.html,
530,72,False,28,0,10,0,False,False,UHA-530.html,
531,72,False,32,0,25,0,False,False,UHA-531.html,
532,72,False,5,0,16,0,False,False,UHA-532.html,
533,72,False,17,0,30,0,False,False,UHA-533.html,
534,73,False,11,0,2,0,False,False,UHA-534.html,
535,73,False,21,0,3,0,False,False,UHA-535.html,
536,73,False,6,0,15,0,False,False,UHA-536.html,
537,73,False,22,0,20,0,False,False,UHA-537.html,
538,73,False,13,0,26,0,False,False,UHA-538.html,
539,73,False,27,0,31,0,False,False,UHA-539.html,
540,73,False,14,0,8,0,False,False,UHA-540.html,
541,73,False,19,0,25,0,False,False,UHA-541.html,
542,73,False,24,0,4,0,False,False,UHA-542.html,
543,73,False,9,0,23,0,False,False,UHA-543.html,
544,74,False,5,0,12,0,False,False,UHA-544.html,
545,74,False,29,0,18,0,False,False,UHA-545.html,
546,74,False,32,0,7,0,False,False,UHA-546.html,
547,74,False,17,0,28,0,False,False,UHA-547.html,
548,74,False,9,0,1,0,False,False,UHA-548.html,
549,75,False,21,0,19,0,False,False,UHA-549.html,
550,75,False,10,0,31,0,False,False,UHA-550.html,
551,75,False,6,0,20,0,False,False,UHA-551.html,
552,75,False,11,0,14,0,False,False,UHA-552.html,
553,75,False,18,0,3,0,False,False,UHA-553.html,
554,75,False,25,0,12,0,False,False,UHA-554.html,
555,75,False,29,0,2,0,False,False,UHA-555.html,
556,75,False,22,0,15,0,False,False,UHA-556.html,
557,75,False,5,0,26,0,False,False,UHA-557.html,
558,75,False,27,0,16,0,False,False,UHA-558.html,
559,75,False,30,0,4,0,False,False,UHA-559.html,
560,75,False,8,0,1,0,False,False,UHA-560.html,
561,75,False,24,0,23,0,False,False,UHA-561.html,
562,76,False,31,0,10,0,False,False,UHA-562.html,
563,76,False,7,0,14,0,False,False,UHA-563.html,
564,76,False,20,0,2,0,False,False,UHA-564.html,
565,76,False,3,0,17,0,False,False,UHA-565.html,
566,76,False,15,0,22,0,False,False,UHA-566.html,
567,76,False,19,0,16,0,False,False,UHA-567.html,
568,76,False,27,0,9,0,False,False,UHA-568.html,
569,76,False,32,0,28,0,False,False,UHA-569.html,
570,76,False,30,0,11,0,False,False,UHA-570.html,
571,77,False,25,0,26,0,False,False,UHA-571.html,
572,77,False,29,0,21,0,False,False,UHA-572.html,
573,77,False,24,0,1,0,False,False,UHA-573.html,
574,77,False,8,0,13,0,False,False,UHA-574.html,
575,78,False,22,0,27,0,False,False,UHA-575.html,
576,78,False,19,0,31,0,False,False,UHA-576.html,
577,78,False,15,0,2,0,False,False,UHA-577.html,
578,78,False,3,0,20,0,False,False,UHA-578.html,
579,78,False,9,0,10,0,False,False,UHA-579.html,
580,78,False,17,0,18,0,False,False,UHA-580.html,
581,78,False,12,0,5,0,False,False,UHA-581.html,
582,78,False,16,0,14,0,False,False,UHA-582.html,
583,78,False,21,0,6,0,False,False,UHA-583.html,
584,78,False,28,0,7,0,False,False,UHA-584.html,
585,78,False,4,0,11,0,False,False,UHA-585.html,
586,78,False,23,0,30,0,False,False,UHA-586.html,
587,78,False,24,0,13,0,False,False,UHA-587.html,
588,82,False,19,0,18,0,False,False,UHA-588.html,
589,82,False,2,0,3,0,False,False,UHA-589.html,
590,82,False,20,0,27,0,False,False,UHA-590.html,
591,82,False,26,0,12,0,False,False,UHA-591.html,
592,82,False,31,0,17,0,False,False,UHA-592.html,
593,82,False,10,0,5,0,False,False,UHA-593.html,
594,82,False,14,0,32,0,False,False,UHA-594.html,
595,82,False,16,0,25,0,False,False,UHA-595.html,
596,82,False,6,0,9,0,False,False,UHA-596.html,
597,82,False,1,0,13,0,False,False,UHA-597.html,
598,82,False,11,0,4,0,False,False,UHA-598.html,
599,82,False,23,0,29,0,False,False,UHA-599.html,
600,82,False,7,0,30,0,False,False,UHA-600.html,
601,83,False,27,0,10,0,False,False,UHA-601.html,
602,83,False,15,0,26,0,False,False,UHA-602.html,
603,83,False,18,0,8,0,False,False,UHA-603.html,
604,83,False,22,0,6,0,False,False,UHA-604.html,
605,83,False,21,0,24,0,False,False,UHA-605.html,
606,84,False,8,0,20,0,False,False,UHA-606.html,
607,84,False,31,0,12,0,False,False,UHA-607.html,
608,84,False,19,0,5,0,False,False,UHA-608.html,
609,84,False,11,0,32,0,False,False,UHA-609.html,
610,84,False,3,0,25,0,False,False,UHA-610.html,
611,84,False,13,0,7,0,False,False,UHA-611.html,
612,84,False,16,0,28,0,False,False,UHA-612.html,
613,84,False,2,0,4,0,False,False,UHA-613.html,
614,84,False,14,0,30,0,False,False,UHA-614.html,
615,84,False,23,0,1,0,False,False,UHA-615.html,
616,84,False,29,0,24,0,False,False,UHA-616.html,
617,85,False,17,0,27,0,False,False,UHA-617.html,
618,85,False,15,0,12,0,False,False,UHA-618.html,
619,85,False,5,0,22,0,False,False,UHA-619.html,
620,85,False,18,0,6,0,False,False,UHA-620.html,
621,85,False,21,0,29,0,False,False,UHA-621.html,
622,86,False,19,0,31,0,False,False,UHA-622.html,
623,86,False,16,0,30,0,False,False,UHA-623.html,
624,86,False,26,0,1,0,False,False,UHA-624.html,
625,86,False,14,0,23,0,False,False,UHA-625.html,
626,86,False,32,0,10,0,False,False,UHA-626.html,
627,86,False,17,0,8,0,False,False,UHA-627.html,
628,86,False,3,0,9,0,False,False,UHA-628.html,
629,86,False,25,0,7,0,False,False,UHA-629.html,
630,86,False,21,0,4,0,False,False,UHA-630.html,
631,86,False,2,0,11,0,False,False,UHA-631.html,
632,87,False,31,0,20,0,False,False,UHA-632.html,
633,87,False,28,0,18,0,False,False,UHA-633.html,
634,87,False,32,0,27,0,False,False,UHA-634.html,
635,87,False,10,0,22,0,False,False,UHA-635.html,
636,87,False,15,0,5,0,False,False,UHA-636.html,
637,87,False,9,0,6,0,False,False,UHA-637.html,
638,87,False,16,0,24,0,False,False,UHA-638.html,
639,87,False,26,0,13,0,False,False,UHA-639.html,
640,88,False,30,0,25,0,False,False,UHA-640.html,
641,88,False,19,0,12,0,False,False,UHA-641.html,
642,88,False,24,0,29,0,False,False,UHA-642.html,
643,88,False,14,0,1,0,False,False,UHA-643.html,
644,89,False,22,0,10,0,False,False,UHA-644.html,
645,89,False,28,0,17,0,False,False,UHA-645.html,
646,89,False,3,0,8,0,False,False,UHA-646.html,
647,89,False,21,0,11,0,False,False,UHA-647.html,
648,89,False,15,0,25,0,False,False,UHA-648.html,
649,89,False,26,0,23,0,False,False,UHA-649.html,
650,89,False,32,0,20,0,False,False,UHA-650.html,
651,89,False,27,0,18,0,False,False,UHA-651.html,
652,89,False,6,0,31,0,False,False,UHA-652.html,
653,89,False,7,0,5,0,False,False,UHA-653.html,
654,89,False,16,0,4,0,False,False,UHA-654.html,
655,89,False,14,0,13,0,False,False,UHA-655.html,
656,89,False,2,0,29,0,False,False,UHA-656.html,
657,90,False,15,0,9,0,False,False,UHA-657.html,
658,90,False,22,0,8,0,False,False,UHA-658.html,
659,90,False,7,0,12,0,False,False,UHA-659.html,
660,90,False,5,0,17,0,False,False,UHA-660.html,
661,90,False,30,0,6,0,False,False,UHA-661.html,
662,91,False,28,0,19,0,False,False,UHA-662.html,
663,91,False,1,0,31,0,False,False,UHA-663.html,
664,91,False,10,0,20,0,False,False,UHA-664.html,
665,91,False,24,0,4,0,False,False,UHA-665.html,
666,91,False,14,0,13,0,False,False,UHA-666.html,
667,92,False,29,0,3,0,False,False,UHA-667.html,
668,92,False,7,0,26,0,False,False,UHA-668.html,
669,92,False,17,0,18,0,False,False,UHA-669.html,
670,92,False,1,0,21,0,False,False,UHA-670.html,
671,92,False,9,0,5,0,False,False,UHA-671.html,
672,92,False,12,0,27,0,False,False,UHA-672.html,
673,92,False,30,0,32,0,False,False,UHA-673.html,
674,92,False,16,0,11,0,False,False,UHA-674.html,
675,92,False,8,0,23,0,False,False,UHA-675.html,
676,92,False,2,0,24,0,False,False,UHA-676.html,
677,93,False,9,0,31,0,False,False,UHA-677.html,
678,93,False,4,0,15,0,False,False,UHA-678.html,
679,93,False,25,0,6,0,False,False,UHA-679.html,
680,93,False,20,0,28,0,False,False,UHA-680.html,
681,93,False,23,0,13,0,False,False,UHA-681.html,
682,94,False,4,0,2,0,False,False,UHA-682.html,
683,94,False,12,0,15,0,False,False,UHA-683.html,
684,94,False,29,0,10,0,False,False,UHA-684.html,
685,94,False,3,0,19,0,False,False,UHA-685.html,
686,94,False,27,0,21,0,False,False,UHA-686.html,
687,94,False,17,0,22,0,False,False,UHA-687.html,
688,94,False,1,0,5,0,False,False,UHA-688.html,
689,94,False,18,0,16,0,False,False,UHA-689.html,
690,94,False,11,0,32,0,False,False,UHA-690.html,
691,94,False,20,0,7,0,False,False,UHA-691.html,
692,94,False,8,0,30,0,False,False,UHA-692.html,
693,94,False,14,0,24,0,False,False,UHA-693.html,
694,95,False,31,0,6,0,False,False,UHA-694.html,
695,95,False,13,0,32,0,False,False,UHA-695.html,
696,95,False,25,0,28,0,False,False,UHA-696.html,
697,96,False,19,0,2,0,False,False,UHA-697.html,
698,96,False,4,0,22,0,False,False,UHA-698.html,
699,96,False,8,0,7,0,False,False,UHA-699.html,
700,96,False,9,0,23,0,False,False,UHA-700.html,
701,96,False,1,0,3,0,False,False,UHA-701.html,
702,96,False,29,0,27,0,False,False,UHA-702.html,
703,96,False,10,0,15,0,False,False,UHA-703.html,
704,96,False,12,0,20,0,False,False,UHA-704.html,
705,96,False,26,0,21,0,False,False,UHA-705.html,
706,96,False,24,0,5,0,False,False,UHA-706.html,
707,96,False,6,0,16,0,False,False,UHA-707.html,
708,96,False,18,0,14,0,False,False,UHA-708.html,
709,96,False,13,0,11,0,False,False,UHA-709.html,
710,96,False,25,0,30,0,False,False,UHA-710.html,
711,97,False,17,0,32,0,False,False,UHA-711.html,
712,97,False,22,0,2,0,False,False,UHA-712.html,
713,97,False,31,0,16,0,False,False,UHA-713.html,
714,97,False,8,0,28,0,False,False,UHA-714.html,
715,97,False,30,0,23,0,False,False,UHA-715.html,
716,98,False,12,0,3,0,False,False,UHA-716.html,
717,98,False,5,0,10,0,False,False,UHA-717.html,
718,98,False,24,0,19,0,False,False,UHA-718.html,
719,98,False,26,0,21,0,False,False,UHA-719.html,
720,98,False,29,0,15,0,False,False,UHA-720.html,
721,98,False,17,0,14,0,False,False,UHA-721.html,
722,98,False,11,0,6,0,False,False,UHA-722.html,
723,98,False,27,0,7,0,False,False,UHA-723.html,
724,98,False,9,0,13,0,False,False,UHA-724.html,
725,99,False,29,0,20,0,False,False,UHA-725.html,
726,99,False,26,0,22,0,False,False,UHA-726.html,
727,99,False,15,0,31,0,False,False,UHA-727.html,
728,99,False,4,0,8,0,False,False,UHA-728.html,
729,99,False,10,0,2,0,False,False,UHA-729.html,
730,99,False,5,0,25,0,False,False,UHA-730.html,
731,99,False,11,0,16,0,False,False,UHA-731.html,
732,99,False,18,0,32,0,False,False,UHA-732.html,
733,99,False,27,0,28,0,False,False,UHA-733.html,
734,99,False,9,0,1,0,False,False,UHA-734.html,
735,100,False,24,0,17,0,False,False,UHA-735.html,
736,100,False,21,0,3,0,False,False,UHA-736.html,
737,100,False,20,0,19,0,False,False,UHA-737.html,
738,100,False,30,0,13,0,False,False,UHA-738.html,
739,101,False,24,0,2,0,False,False,UHA-739.html,
740,101,False,15,0,3,0,False,False,UHA-740.html,
741,101,False,21,0,22,0,False,False,UHA-741.html,
742,101,False,23,0,31,0,False,False,UHA-742.html,
743,101,False,29,0,8,0,False,False,UHA-743.html,
744,101,False,32,0,14,0,False,False,UHA-744.html,
745,101,False,4,0,6,0,False,False,UHA-745.html,
746,101,False,9,0,28,0,False,False,UHA-746.html,
747,101,False,18,0,11,0,False,False,UHA-747.html,
748,101,False,27,0,30,0,False,False,UHA-748.html,
749,102,False,23,0,10,0,False,False,UHA-749.html,
750,102,False,12,0,5,0,False,False,UHA-750.html,
751,102,False,26,0,25,0,False,False,UHA-751.html,
752,102,False,16,0,7,0,False,False,UHA-752.html,
753,102,False,1,0,13,0,False,False,UHA-753.html,
754,103,False,14,0,3,0,False,False,UHA-754.html,
755,103,False,19,0,21,0,False,False,UHA-755.html,
756,103,False,18,0,4,0,False,False,UHA-756.html,
757,103,False,24,0,28,0,False,False,UHA-757.html,
758,103,False,15,0,20,0,False,False,UHA-758.html,
759,103,False,5,0,17,0,False,False,UHA-759.html,
760,103,False,8,0,22,0,False,False,UHA-760.html,
761,103,False,12,0,31,0,False,False,UHA-761.html,
762,103,False,27,0,32,0,False,False,UHA-762.html,
763,103,False,2,0,6,0,False,False,UHA-763.html,
764,103,False,11,0,29,0,False,False,UHA-764.html,
765,103,False,16,0,30,0,False,False,UHA-765.html,
766,103,False,13,0,1,0,False,False,UHA-766.html,
767,104,False,26,0,9,0,False,False,UHA-767.html,
768,104,False,20,0,10,0,False,False,UHA-768.html,
769,104,False,25,0,11,0,False,False,UHA-769.html,
770,105,False,3,0,5,0,False,False,UHA-770.html,
771,105,False,31,0,7,0,False,False,UHA-771.html,
772,105,False,22,0,24,0,False,False,UHA-772.html,
773,105,False,23,0,12,0,False,False,UHA-773.html,
774,105,False,14,0,27,0,False,False,UHA-774.html,
775,105,False,21,0,30,0,False,False,UHA-775.html,
776,105,False,32,0,6,0,False,False,UHA-776.html,
777,105,False,17,0,4,0,False,False,UHA-777.html,
778,105,False,18,0,29,0,False,False,UHA-778.html,
779,105,False,19,0,1,0,False,False,UHA-779.html,
780,106,False,14,0,15,0,False,False,UHA-780.html,
781,106,False,23,0,26,0,False,False,UHA-781.html,
782,106,False,20,0,8,0,False,False,UHA-782.html,
783,106,False,2,0,9,0,False,False,UHA-783.html,
784,106,False,3,0,16,0,False,False,UHA-784.html,
785,106,False,25,0,32,0,False,False,UHA-785.html,
786,106,False,17,0,11,0,False,False,UHA-786.html,
787,106,False,19,0,13,0,False,False,UHA-787.html,
788,107,False,10,0,27,0,False,False,UHA-788.html,
789,107,False,1,0,7,0,False,False,UHA-789.html,
790,107,False,21,0,28,0,False,False,UHA-790.html,
791,107,False,22,0,4,0,False,False,UHA-791.html,
792,107,False,31,0,29,0,False,False,UHA-792.html,
793,107,False,18,0,24,0,False,False,UHA-793.html,
794,108,False,30,0,2,0,False,False,UHA-794.html,
795,108,False,3,0,15,0,False,False,UHA-795.html,
796,108,False,6,0,5,0,False,False,UHA-796.html,
797,108,False,9,0,8,0,False,False,UHA-797.html,
798,108,False,20,0,16,0,False,False,UHA-798.html,
799,108,False,12,0,32,0,False,False,UHA-799.html,
800,108,False,22,0,11,0,False,False,UHA-800.html,
801,108,False,10,0,14,0,False,False,UHA-801.html,
802,109,False,30,0,27,0,False,False,UHA-802.html,
803,109,False,26,0,6,0,False,False,UHA-803.html,
804,109,False,25,0,9,0,False,False,UHA-804.html,
805,109,False,21,0,7,0,False,False,UHA-805.html,
806,109,False,31,0,4,0,False,False,UHA-806.html,
807,109,False,17,0,29,0,False,False,UHA-807.html,
808,109,False,19,0,23,0,False,False,UHA-808.html,
809,109,False,1,0,24,0,False,False,UHA-809.html,
810,110,False,3,0,18,0,False,False,UHA-810.html,
811,110,False,28,0,16,0,False,False,UHA-811.html,
812,110,False,15,0,2,0,False,False,UHA-812.html,
813,110,False,5,0,20,0,False,False,UHA-813.html,
814,110,False,26,0,8,0,False,False,UHA-814.html,
815,110,False,10,0,32,0,False,False,UHA-815.html,
816,110,False,13,0,25,0,False,False,UHA-816.html,
817,110,False,12,0,14,0,False,False,UHA-817.html,
818,110,False,31,0,11,0,False,False,UHA-818.html,
819,111,False,7,0,27,0,False,False,UHA-819.html,
820,111,False,17,0,24,0,False,False,UHA-820.html,
821,111,False,30,0,20,0,False,False,UHA-821.html,
822,111,False,22,0,29,0,False,False,UHA-822.html,
823,111,False,12,0,6,0,False,False,UHA-823.html,
824,111,False,1,0,4,0,False,False,UHA-824.html,
825,112,False,28,0,26,0,False,False,UHA-825.html,
826,112,False,2,0,19,0,False,False,UHA-826.html,
827,112,False,18,0,21,0,False,False,UHA-827.html,
828,112,False,13,0,8,0,False,False,UHA-828.html,
829,112,False,1,0,11,0,False,False,UHA-829.html,
830,113,False,16,0,2,0,False,False,UHA-830.html,
831,113,False,3,0,27,0,False,False,UHA-831.html,
832,113,False,30,0,15,0,False,False,UHA-832.html,
833,113,False,13,0,10,0,False,False,UHA-833.html,
834,113,False,28,0,12,0,False,False,UHA-834.html,
835,113,False,32,0,17,0,False,False,UHA-835.html,
836,113,False,9,0,25,0,False,False,UHA-836.html,
837,113,False,6,0,14,0,False,False,UHA-837.html,
838,113,False,23,0,29,0,False,False,UHA-838.html,
839,113,False,31,0,24,0,False,False,UHA-839.html,
840,114,False,21,0,8,0,False,False,UHA-840.html,
841,114,False,7,0,20,0,False,False,UHA-841.html,
842,114,False,19,0,18,0,False,False,UHA-842.html,
843,115,False,21,0,2,0,False,False,UHA-843.html,
844,115,False,13,0,3,0,False,False,UHA-844.html,
845,115,False,7,0,15,0,False,False,UHA-845.html,
846,115,False,31,0,10,0,False,False,UHA-846.html,
847,115,False,32,0,26,0,False,False,UHA-847.html,
848,115,False,16,0,17,0,False,False,UHA-848.html,
849,115,False,18,0,19,0,False,False,UHA-849.html,
850,115,False,6,0,22,0,False,False,UHA-850.html,
851,115,False,28,0,5,0,False,False,UHA-851.html,
852,115,False,12,0,25,0,False,False,UHA-852.html,
853,115,False,4,0,14,0,False,False,UHA-853.html,
854,115,False,23,0,11,0,False,False,UHA-854.html,
855,115,False,1,0,29,0,False,False,UHA-855.html,
856,115,False,9,0,30,0,False,False,UHA-856.html,
857,115,False,27,0,24,0,False,False,UHA-857.html,
858,116,False,8,0,6,0,False,False,UHA-858.html,
859,117,False,13,0,21,0,False,False,UHA-859.html,
860,117,False,7,0,10,0,False,False,UHA-860.html,
861,117,False,19,0,22,0,False,False,UHA-861.html,
862,117,False,32,0,12,0,False,False,UHA-862.html,
863,117,False,23,0,4,0,False,False,UHA-863.html,
864,117,False,5,0,31,0,False,False,UHA-864.html,
865,117,False,15,0,3,0,False,False,UHA-865.html,
866,117,False,17,0,20,0,False,False,UHA-866.html,
867,117,False,16,0,18,0,False,False,UHA-867.html,
868,117,False,8,0,25,0,False,False,UHA-868.html,
869,117,False,27,0,29,0,False,False,UHA-869.html,
870,117,False,9,0,28,0,False,False,UHA-870.html,
871,117,False,14,0,11,0,False,False,UHA-871.html,
872,117,False,24,0,30,0,False,False,UHA-872.html,
873,118,False,2,0,26,0,False,False,UHA-873.html,
874,118,False,13,0,5,0,False,False,UHA-874.html,
875,118,False,30,0,1,0,False,False,UHA-875.html,
876,119,False,3,0,12,0,False,False,UHA-876.html,
877,119,False,20,0,22,0,False,False,UHA-877.html,
878,119,False,18,0,31,0,False,False,UHA-878.html,
879,119,False,15,0,14,0,False,False,UHA-879.html,
880,119,False,25,0,16,0,False,False,UHA-880.html,
881,119,False,23,0,6,0,False,False,UHA-881.html,
882,119,False,32,0,9,0,False,False,UHA-882.html,
883,119,False,10,0,7,0,False,False,UHA-883.html,
884,119,False,29,0,28,0,False,False,UHA-884.html,
885,119,False,27,0,4,0,False,False,UHA-885.html,
886,120,False,3,0,26,0,False,False,UHA-886.html,
887,120,False,8,0,17,0,False,False,UHA-887.html,
888,120,False,22,0,18,0,False,False,UHA-888.html,
889,120,False,31,0,21,0,False,False,UHA-889.html,
890,120,False,20,0,5,0,False,False,UHA-890.html,
891,120,False,27,0,11,0,False,False,UHA-891.html,
892,120,False,24,0,1,0,False,False,UHA-892.html,
893,121,False,2,0,12,0,False,False,UHA-893.html,
894,121,False,6,0,8,0,False,False,UHA-894.html,
895,121,False,15,0,32,0,False,False,UHA-895.html,
896,121,False,14,0,16,0,False,False,UHA-896.html,
897,121,False,23,0,7,0,False,False,UHA-897.html,
898,121,False,10,0,28,0,False,False,UHA-898.html,
899,121,False,25,0,9,0,False,False,UHA-899.html,
900,121,False,11,0,4,0,False,False,UHA-900.html,
901,121,False,29,0,30,0,False,False,UHA-901.html,
902,121,False,24,0,13,0,False,False,UHA-902.html,
903,122,False,22,0,3,0,False,False,UHA-903.html,
904,122,False,12,0,26,0,False,False,UHA-904.html,
905,122,False,18,0,17,0,False,False,UHA-905.html,
906,122,False,5,0,19,0,False,False,UHA-906.html,
907,122,False,20,0,21,0,False,False,UHA-907.html,
908,122,False,16,0,31,0,False,False,UHA-908.html,
909,122,False,13,0,30,0,False,False,UHA-909.html,
910,142,False,3,0,17,0,False,False,UHA-910.html,
911,142,False,21,0,31,0,False,False,UHA-911.html,
912,142,False,27,0,26,0,False,False,UHA-912.html,
913,142,False,24,0,9,0,False,False,UHA-913.html,
914,142,False,7,0,28,0,False,False,UHA-914.html,
915,142,False,32,0,29,0,False,False,UHA-915.html,
916,142,False,30,0,13,0,False,False,UHA-916.html,
917,142,False,11,0,1,0,False,False,UHA-917.html,
918,143,False,8,0,2,0,False,False,UHA-918.html,
919,143,False,18,0,15,0,False,False,UHA-919.html,
920,143,False,10,0,20,0,False,False,UHA-920.html,
921,143,False,27,0,12,0,False,False,UHA-921.html,
922,143,False,17,0,22,0,False,False,UHA-922.html,
923,143,False,26,0,5,0,False,False,UHA-923.html,
924,143,False,21,0,19,0,False,False,UHA-924.html,
925,143,False,24,0,25,0,False,False,UHA-925.html,
926,143,False,6,0,16,0,False,False,UHA-926.html,
927,143,False,14,0,7,0,False,False,UHA-927.html,
928,143,False,4,0,23,0,False,False,UHA-928.html,
929,143,False,11,0,13,0,False,False,UHA-929.html,
930,144,False,3,0,12,0,False,False,UHA-930.html,
931,144,False,30,0,31,0,False,False,UHA-931.html,
932,144,False,14,0,28,0,False,False,UHA-932.html,
933,144,False,32,0,1,0,False,False,UHA-933.html,
934,145,False,22,0,19,0,False,False,UHA-934.html,
935,145,False,2,0,21,0,False,False,UHA-935.html,
936,145,False,11,0,23,0,False,False,UHA-936.html,
937,145,False,18,0,8,0,False,False,UHA-937.html,
938,145,False,6,0,7,0,False,False,UHA-938.html,
939,145,False,20,0,27,0,False,False,UHA-939.html,
940,145,False,31,0,15,0,False,False,UHA-940.html,
941,145,False,3,0,26,0,False,False,UHA-941.html,
942,145,False,10,0,5,0,False,False,UHA-942.html,
943,145,False,17,0,25,0,False,False,UHA-943.html,
944,145,False,4,0,13,0,False,False,UHA-944.html,
945,145,False,16,0,9,0,False,False,UHA-945.html,
946,145,False,29,0,24,0,False,False,UHA-946.html,
947,146,False,30,0,22,0,False,False,UHA-947.html,
948,146,False,12,0,18,0,False,False,UHA-948.html,
949,146,False,6,0,28,0,False,False,UHA-949.html,
950,146,False,32,0,23,0,False,False,UHA-950.html,
951,146,False,25,0,14,0,False,False,UHA-951.html,
952,146,False,4,0,1,0,False,False,UHA-952.html,
953,147,False,8,0,19,0,False,False,UHA-953.html,
954,147,False,21,0,27,0,False,False,UHA-954.html,
955,147,False,10,0,16,0,False,False,UHA-955.html,
956,147,False,9,0,29,0,False,False,UHA-956.html,
957,147,False,5,0,24,0,False,False,UHA-957.html,
958,147,False,7,0,13,0,False,False,UHA-958.html,
959,148,False,22,0,2,0,False,False,UHA-959.html,
960,148,False,30,0,3,0,False,False,UHA-960.html,
961,148,False,12,0,17,0,False,False,UHA-961.html,
962,148,False,28,0,31,0,False,False,UHA-962.html,
963,148,False,16,0,8,0,False,False,UHA-963.html,
964,148,False,6,0,32,0,False,False,UHA-964.html,
965,148,False,9,0,4,0,False,False,UHA-965.html,
966,148,False,20,0,11,0,False,False,UHA-966.html,
967,148,False,26,0,14,0,False,False,UHA-967.html,
968,148,False,7,0,1,0,False,False,UHA-968.html,
969,148,False,15,0,23,0,False,False,UHA-969.html,
970,149,False,30,0,10,0,False,False,UHA-970.html,
971,149,False,27,0,17,0,False,False,UHA-971.html,
972,149,False,5,0,29,0,False,False,UHA-972.html,
973,149,False,18,0,1,0,False,False,UHA-973.html,
974,149,False,25,0,24,0,False,False,UHA-974.html,
975,150,False,27,0,19,0,False,False,UHA-975.html,
976,150,False,28,0,21,0,False,False,UHA-976.html,
977,150,False,3,0,22,0,False,False,UHA-977.html,
978,150,False,12,0,8,0,False,False,UHA-978.html,
979,150,False,2,0,16,0,False,False,UHA-979.html,
980,150,False,26,0,32,0,False,False,UHA-980.html,
981,150,False,20,0,4,0,False,False,UHA-981.html,
982,150,False,18,0,13,0,False,False,UHA-982.html,
983,151,False,12,0,10,0,False,False,UHA-983.html,
984,151,False,7,0,9,0,False,False,UHA-984.html,
985,151,False,29,0,6,0,False,False,UHA-985.html,
986,151,False,5,0,11,0,False,False,UHA-986.html,
987,151,False,15,0,1,0,False,False,UHA-987.html,
988,151,False,14,0,30,0,False,False,UHA-988.html,
989,151,False,25,0,23,0,False,False,UHA-989.html,
990,152,False,31,0,2,0,False,False,UHA-990.html,
991,152,False,19,0,17,0,False,False,UHA-991.html,
992,152,False,16,0,3,0,False,False,UHA-992.html,
993,152,False,21,0,22,0,False,False,UHA-993.html,
994,152,False,26,0,27,0,False,False,UHA-994.html,
995,152,False,28,0,8,0,False,False,UHA-995.html,
996,152,False,29,0,32,0,False,False,UHA-996.html,
997,152,False,15,0,13,0,False,False,UHA-997.html,
998,152,False,5,0,4,0,False,False,UHA-998.html,
999,152,False,18,0,23,0,False,False,UHA-999.html,
1000,152,False,20,0,24,0,False,False,UHA-1000.html,
1001,153,False,14,0,7,0,False,False,UHA-1001.html,
1002,153,False,2,0,22,0,False,False,UHA-1002.html,
1003,153,False,26,0,3,0,False,False,UHA-1003.html,
1004,153,False,6,0,9,0,False,False,UHA-1004.html,
1005,153,False,10,0,17,0,False,False,UHA-1005.html,
1006,153,False,25,0,1,0,False,False,UHA-1006.html,
1007,153,False,11,0,30,0,False,False,UHA-1007.html,
1008,154,False,19,0,21,0,False,False,UHA-1008.html,
1009,154,False,4,0,31,0,False,False,UHA-1009.html,
1010,154,False,28,0,6,0,False,False,UHA-1010.html,
1011,154,False,20,0,29,0,False,False,UHA-1011.html,
1012,155,False,13,0,2,0,False,False,UHA-1012.html,
1013,155,False,23,0,3,0,False,False,UHA-1013.html,
1014,155,False,27,0,15,0,False,False,UHA-1014.html,
1015,155,False,8,0,26,0,False,False,UHA-1015.html,
1016,155,False,10,0,12,0,False,False,UHA-1016.html,
1017,155,False,4,0,19,0,False,False,UHA-1017.html,
1018,155,False,22,0,5,0,False,False,UHA-1018.html,
1019,155,False,18,0,25,0,False,False,UHA-1019.html,
1020,155,False,30,0,9,0,False,False,UHA-1020.html,
1021,155,False,28,0,14,0,False,False,UHA-1021.html,
1022,155,False,1,0,32,0,False,False,UHA-1022.html,
1023,155,False,11,0,7,0,False,False,UHA-1023.html,
1024,155,False,16,0,24,0,False,False,UHA-1024.html,
1025,156,False,15,0,20,0,False,False,UHA-1025.html,
1026,156,False,31,0,21,0,False,False,UHA-1026.html,
1027,157,False,23,0,2,0,False,False,UHA-1027.html,
1028,157,False,31,0,3,0,False,False,UHA-1028.html,
1029,157,False,1,0,27,0,False,False,UHA-1029.html,
1030,157,False,10,0,26,0,False,False,UHA-1030.html,
1031,157,False,8,0,12,0,False,False,UHA-1031.html,
1032,157,False,4,0,17,0,False,False,UHA-1032.html,
1033,157,False,25,0,5,0,False,False,UHA-1033.html,
1034,157,False,11,0,9,0,False,False,UHA-1034.html,
1035,157,False,21,0,14,0,False,False,UHA-1035.html,
1036,157,False,19,0,32,0,False,False,UHA-1036.html,
1037,157,False,6,0,28,0,False,False,UHA-1037.html,
1038,157,False,16,0,29,0,False,False,UHA-1038.html,
1039,157,False,22,0,30,0,False,False,UHA-1039.html,
1040,157,False,7,0,24,0,False,False,UHA-1040.html,
1041,158,False,13,0,18,0,False,False,UHA-1041.html,
1042,158,False,11,0,25,0,False,False,UHA-1042.html,
1043,159,False,1,0,20,0,False,False,UHA-1043.html,
1044,159,False,2,0,31,0,False,False,UHA-1044.html,
1045,159,False,7,0,32,0,False,False,UHA-1045.html,
1046,159,False,19,0,14,0,False,False,UHA-1046.html,
1047,159,False,27,0,3,0,False,False,UHA-1047.html,
1048,159,False,23,0,15,0,False,False,UHA-1048.html,
1049,159,False,5,0,26,0,False,False,UHA-1049.html,
1050,159,False,13,0,17,0,False,False,UHA-1050.html,
1051,159,False,4,0,18,0,False,False,UHA-1051.html,
1052,159,False,8,0,21,0,False,False,UHA-1052.html,
1053,159,False,10,0,9,0,False,False,UHA-1053.html,
1054,159,False,22,0,28,0,False,False,UHA-1054.html,
1055,159,False,24,0,29,0,False,False,UHA-1055.html,
1056,159,False,6,0,30,0,False,False,UHA-1056.html,
1057,160,False,25,0,32,0,False,False,UHA-1057.html,
1058,160,False,23,0,20,0,False,False,UHA-1058.html,
1059,160,False,1,0,15,0,False,False,UHA-1059.html,
1060,160,False,27,0,14,0,False,False,UHA-1060.html,
1061,160,False,16,0,11,0,False,False,UHA-1061.html,
1062,160,False,12,0,24,0,False,False,UHA-1062.html,
1063,161,False,4,0,10,0,False,False,UHA-1063.html,
1064,161,False,2,0,17,0,False,False,UHA-1064.html,
1065,161,False,13,0,19,0,False,False,UHA-1065.html,
1066,161,False,28,0,9,0,False,False,UHA-1066.html,
1067,161,False,22,0,7,0,False,False,UHA-1067.html,
1068,162,False,18,0,27,0,False,False,UHA-1068.html,
1069,162,False,2,0,15,0,False,False,UHA-1069.html,
1070,162,False,5,0,8,0,False,False,UHA-1070.html,
1071,162,False,16,0,32,0,False,False,UHA-1071.html,
1072,162,False,14,0,6,0,False,False,UHA-1072.html,
1073,162,False,23,0,11,0,False,False,UHA-1073.html,
1074,162,False,12,0,29,0,False,False,UHA-1074.html,
1075,162,False,3,0,30,0,False,False,UHA-1075.html,
1076,162,False,26,0,24,0,False,False,UHA-1076.html,
1077,163,False,17,0,19,0,False,False,UHA-1077.html,
1078,163,False,22,0,5,0,False,False,UHA-1078.html,
1079,163,False,20,0,31,0,False,False,UHA-1079.html,
1080,163,False,9,0,7,0,False,False,UHA-1080.html,
1081,163,False,25,0,4,0,False,False,UHA-1081.html,
1082,163,False,21,0,1,0,False,False,UHA-1082.html,
1083,164,False,32,0,2,0,False,False,UHA-1083.html,
1084,164,False,18,0,20,0,False,False,UHA-1084.html,
1085,164,False,15,0,10,0,False,False,UHA-1085.html,
1086,164,False,19,0,8,0,False,False,UHA-1086.html,
1087,164,False,24,0,16,0,False,False,UHA-1087.html,
1088,164,False,6,0,14,0,False,False,UHA-1088.html,
1089,164,False,12,0,11,0,False,False,UHA-1089.html,
1090,164,False,26,0,29,0,False,False,UHA-1090.html,
1091,164,False,28,0,30,0,False,False,UHA-1091.html,
1092,164,False,3,0,23,0,False,False,UHA-1092.html,
1093,164,False,21,0,13,0,False,False,UHA-1093.html,
1094,165,False,5,0,27,0,False,False,UHA-1094.html,
1095,165,False,17,0,31,0,False,False,UHA-1095.html,
1096,165,False,7,0,6,0,False,False,UHA-1096.html,
1097,165,False,12,0,4,0,False,False,UHA-1097.html,
1098,165,False,1,0,28,0,False,False,UHA-1098.html,
1099,166,False,32,0,22,0,False,False,UHA-1099.html,
1100,166,False,30,0,16,0,False,False,UHA-1100.html,
1101,166,False,9,0,14,0,False,False,UHA-1101.html,
1102,166,False,3,0,13,0,False,False,UHA-1102.html,
1103,166,False,21,0,23,0,False,False,UHA-1103.html,
1104,166,False,24,0,8,0,False,False,UHA-1104.html,
1105,166,False,18,0,15,0,False,False,UHA-1105.html,
1106,166,False,27,0,20,0,False,False,UHA-1106.html,
1107,166,False,25,0,29,0,False,False,UHA-1107.html,
1108,166,False,2,0,10,0,False,False,UHA-1108.html,
1109,166,False,26,0,11,0,False,False,UHA-1109.html,
1110,167,False,32,0,19,0,False,False,UHA-1110.html,
1111,167,False,7,0,31,0,False,False,UHA-1111.html,
1112,167,False,5,0,22,0,False,False,UHA-1112.html,
1113,167,False,16,0,6,0,False,False,UHA-1113.html,
1114,167,False,8,0,18,0,False,False,UHA-1114.html,
1115,167,False,30,0,9,0,False,False,UHA-1115.html,
1116,167,False,26,0,4,0,False,False,UHA-1116.html,
1117,167,False,3,0,1,0,False,False,UHA-1117.html,
1118,167,False,13,0,28,0,False,False,UHA-1118.html,
1119,168,False,20,0,19,0,False,False,UHA-1119.html,
1120,169,False,27,0,2,0,False,False,UHA-1120.html,
1121,169,False,5,0,15,0,False,False,UHA-1121.html,
1122,169,False,20,0,10,0,False,False,UHA-1122.html,
1123,169,False,24,0,12,0,False,False,UHA-1123.html,
1124,169,False,6,0,18,0,False,False,UHA-1124.html,
1125,169,False,8,0,21,0,False,False,UHA-1125.html,
1126,169,False,7,0,22,0,False,False,UHA-1126.html,
1127,169,False,14,0,26,0,False,False,UHA-1127.html,
1128,169,False,31,0,25,0,False,False,UHA-1128.html,
1129,169,False,23,0,16,0,False,False,UHA-1129.html,
1130,169,False,17,0,9,0,False,False,UHA-1130.html,
1131,169,False,30,0,32,0,False,False,UHA-1131.html,
1132,169,False,11,0,28,0,False,False,UHA-1132.html,
1133,169,False,13,0,4,0,False,False,UHA-1133.html,
1134,169,False,1,0,29,0,False,False,UHA-1134.html,
1135,170,False,2,0,3,0,False,False,UHA-1135.html,
1136,170,False,19,0,27,0,False,False,UHA-1136.html,
1137,171,False,8,0,15,0,False,False,UHA-1137.html,
1138,171,False,22,0,20,0,False,False,UHA-1138.html,
1139,171,False,24,0,26,0,False,False,UHA-1139.html,
1140,171,False,14,0,12,0,False,False,UHA-1140.html,
1141,171,False,9,0,18,0,False,False,UHA-1141.html,
1142,171,False,6,0,21,0,False,False,UHA-1142.html,
1143,171,False,23,0,25,0,False,False,UHA-1143.html,
1144,171,False,17,0,16,0,False,False,UHA-1144.html,
1145,171,False,7,0,32,0,False,False,UHA-1145.html,
1146,171,False,31,0,28,0,False,False,UHA-1146.html,
1147,171,False,1,0,4,0,False,False,UHA-1147.html,
1148,171,False,11,0,30,0,False,False,UHA-1148.html,
1149,171,False,13,0,29,0,False,False,UHA-1149.html,
1150,172,False,10,0,3,0,False,False,UHA-1150.html,
1151,172,False,6,0,19,0,False,False,UHA-1151.html,
1152,173,False,20,0,26,0,False,False,UHA-1152.html,
1153,173,False,12,0,18,0,False,False,UHA-1153.html,
1154,173,False,1,0,11,0,False,False,UHA-1154.html,
1155,173,False,14,0,2,0,False,False,UHA-1155.html,
1156,173,False,9,0,22,0,False,False,UHA-1156.html,
1157,173,False,17,0,5,0,False,False,UHA-1157.html,
1158,173,False,23,0,8,0,False,False,UHA-1158.html,
1159,173,False,24,0,3,0,False,False,UHA-1159.html,
1160,173,False,27,0,25,0,False,False,UHA-1160.html,
1161,173,False,15,0,16,0,False,False,UHA-1161.html,
1162,173,False,32,0,7,0,False,False,UHA-1162.html,
1163,173,False,21,0,10,0,False,False,UHA-1163.html,
1164,173,False,28,0,13,0,False,False,UHA-1164.html,
1165,173,False,29,0,4,0,False,False,UHA-1165.html,
1166,173,False,31,0,30,0,False,False,UHA-1166.html,
1167,174,False,12,0,19,0,False,False,UHA-1167.html,
1168,174,False,16,0,26,0,False,False,UHA-1168.html,
1169,174,False,15,0,5,0,False,False,UHA-1169.html,
1170,174,False,2,0,8,0,False,False,UHA-1170.html,
1171,174,False,6,0,17,0,False,False,UHA-1171.html,
1172,174,False,9,0,21,0,False,False,UHA-1172.html,
1173,175,False,22,0,18,0,False,False,UHA-1173.html,
1174,175,False,4,0,7,0,False,False,UHA-1174.html,
1175,175,False,29,0,30,0,False,False,UHA-1175.html,
1176,175,False,27,0,1,0,False,False,UHA-1176.html,
1177,175,False,25,0,23,0,False,False,UHA-1177.html,
1178,176,False,9,0,2,0,False,False,UHA-1178.html,
1179,176,False,18,0,3,0,False,False,UHA-1179.html,
1180,176,False,15,0,26,0,False,False,UHA-1180.html,
1181,176,False,20,0,12,0,False,False,UHA-1181.html,
1182,176,False,17,0,19,0,False,False,UHA-1182.html,
1183,176,False,10,0,22,0,False,False,UHA-1183.html,
1184,176,False,21,0,31,0,False,False,UHA-1184.html,
1185,176,False,5,0,8,0,False,False,UHA-1185.html,
1186,176,False,32,0,6,0,False,False,UHA-1186.html,
1187,176,False,24,0,11,0,False,False,UHA-1187.html,
1188,177,False,29,0,7,0,False,False,UHA-1188.html,
1189,177,False,25,0,13,0,False,False,UHA-1189.html,
1190,177,False,1,0,23,0,False,False,UHA-1190.html,
1191,178,False,3,0,20,0,False,False,UHA-1191.html,
1192,178,False,22,0,26,0,False,False,UHA-1192.html,
1193,178,False,2,0,12,0,False,False,UHA-1193.html,
1194,178,False,31,0,17,0,False,False,UHA-1194.html,
1195,178,False,15,0,19,0,False,False,UHA-1195.html,
1196,178,False,10,0,21,0,False,False,UHA-1196.html,
1197,178,False,8,0,5,0,False,False,UHA-1197.html,
1198,178,False,32,0,9,0,False,False,UHA-1198.html,
1199,178,False,29,0,14,0,False,False,UHA-1199.html,
1200,178,False,6,0,11,0,False,False,UHA-1200.html,
1201,178,False,4,0,30,0,False,False,UHA-1201.html,
1202,178,False,27,0,23,0,False,False,UHA-1202.html,
1203,178,False,28,0,24,0,False,False,UHA-1203.html,
1204,178,False,16,0,13,0,False,False,UHA-1204.html,
1205,179,False,21,0,18,0,False,False,UHA-1205.html,
1206,179,False,25,0,1,0,False,False,UHA-1206.html,
1207,180,False,10,0,19,0,False,False,UHA-1207.html,
1208,180,False,14,0,20,0,False,False,UHA-1208.html,
1209,180,False,7,0,9,0,False,False,UHA-1209.html,
1210,180,False,2,0,26,0,False,False,UHA-1210.html,
1211,180,False,12,0,22,0,False,False,UHA-1211.html,
1212,180,False,15,0,17,0,False,False,UHA-1212.html,
1213,180,False,3,0,31,0,False,False,UHA-1213.html,
1214,180,False,18,0,5,0,False,False,UHA-1214.html,
1215,180,False,32,0,8,0,False,False,UHA-1215.html,
1216,180,False,28,0,29,0,False,False,UHA-1216.html,
1217,180,False,27,0,13,0,False,False,UHA-1217.html,
1218,180,False,30,0,11,0,False,False,UHA-1218.html,
1219,180,False,4,0,1,0,False,False,UHA-1219.html,
1220,180,False,16,0,23,0,False,False,UHA-1220.html,
1221,180,False,6,0,24,0,False,False,UHA-1221.html,
1222,181,False,14,0,10,0,False,False,UHA-1222.html,
1223,181,False,12,0,22,0,False,False,UHA-1223.html,
1224,181,False,2,0,21,0,False,False,UHA-1224.html,
1225,181,False,5,0,20,0,False,False,UHA-1225.html,
1226,181,False,17,0,15,0,False,False,UHA-1226.html,
1227,181,False,31,0,19,0,False,False,UHA-1227.html,
1228,181,False,25,0,7,0,False,False,UHA-1228.html,
1229,182,False,26,0,3,0,False,False,UHA-1229.html,
1230,182,False,24,0,32,0,False,False,UHA-1230.html,
1231,182,False,6,0,23,0,False,False,UHA-1231.html,
1232,182,False,16,0,13,0,False,False,UHA-1232.html,
1233,183,False,12,0,15,0,False,False,UHA-1233.html,
1234,183,False,26,0,20,0,False,False,UHA-1234.html,
1235,183,False,8,0,10,0,False,False,UHA-1235.html,
1236,183,False,21,0,17,0,False,False,UHA-1236.html,
1237,183,False,2,0,5,0,False,False,UHA-1237.html,
1238,183,False,7,0,25,0,False,False,UHA-1238.html,
1239,183,False,4,0,9,0,False,False,UHA-1239.html,
1240,183,False,24,0,14,0,False,False,UHA-1240.html,
1241,183,False,11,0,28,0,False,False,UHA-1241.html,
1242,183,False,30,0,29,0,False,False,UHA-1242.html,
1243,183,False,16,0,1,0,False,False,UHA-1243.html,
1244,184,False,3,0,19,0,False,False,UHA-1244.html,
1245,184,False,31,0,27,0,False,False,UHA-1245.html,
1246,184,False,11,0,23,0,False,False,UHA-1246.html,
1247,185,False,8,0,3,0,False,False,UHA-1247.html,
1248,185,False,26,0,15,0,False,False,UHA-1248.html,
1249,185,False,12,0,20,0,False,False,UHA-1249.html,
1250,185,False,21,0,10,0,False,False,UHA-1250.html,
1251,185,False,22,0,17,0,False,False,UHA-1251.html,
1252,185,False,27,0,18,0,False,False,UHA-1252.html,
1253,185,False,32,0,25,0,False,False,UHA-1253.html,
1254,185,False,14,0,9,0,False,False,UHA-1254.html,
1255,185,False,5,0,6,0,False,False,UHA-1255.html,
1256,185,False,4,0,7,0,False,False,UHA-1256.html,
1257,185,False,16,0,28,0,False,False,UHA-1257.html,
1258,185,False,23,0,1,0,False,False,UHA-1258.html,
1259,185,False,30,0,24,0,False,False,UHA-1259.html,
1260,185,False,29,0,13,0,False,False,UHA-1260.html,
1261,187,False,26,0,2,0,False,False,UHA-1261.html,
1262,187,False,20,0,18,0,False,False,UHA-1262.html,
1263,187,False,31,0,22,0,False,False,UHA-1263.html,
1264,187,False,11,0,13,0,False,False,UHA-1264.html,
1265,187,False,17,0,10,0,False,False,UHA-1265.html,
1266,187,False,25,0,6,0,False,False,UHA-1266.html,
1267,187,False,14,0,16,0,False,False,UHA-1267.html,
1268,187,False,19,0,9,0,False,False,UHA-1268.html,
1269,187,False,5,0,28,0,False,False,UHA-1269.html,
1270,187,False,12,0,27,0,False,False,UHA-1270.html,
1271,187,False,8,0,15,0,False,False,UHA-1271.html,
1272,187,False,21,0,32,0,False,False,UHA-1272.html,
1273,187,False,4,0,24,0,False,False,UHA-1273.html,
1274,187,False,30,0,7,0,False,False,UHA-1274.html,
1275,187,False,29,0,23,0,False,False,UHA-1275.html,
1276,188,False,22,0,31,0,False,False,UHA-1276.html,
1277,188,False,15,0,18,0,False,False,UHA-1277.html,
1278,188,False,2,0,8,0,False,False,UHA-1278.html,
1279,188,False,20,0,17,0,False,False,UHA-1279.html,
1280,188,False,29,0,1,0,False,False,UHA-1280.html,
1281,188,False,28,0,4,0,False,False,UHA-1281.html,
1282,189,False,10,0,26,0,False,False,UHA-1282.html,
1283,189,False,19,0,12,0,False,False,UHA-1283.html,
1284,189,False,5,0,21,0,False,False,UHA-1284.html,
1285,189,False,9,0,27,0,False,False,UHA-1285.html,
1286,189,False,14,0,25,0,False,False,UHA-1286.html,
1287,189,False,23,0,16,0,False,False,UHA-1287.html,
1288,189,False,3,0,6,0,False,False,UHA-1288.html,
1289,189,False,7,0,11,0,False,False,UHA-1289.html,
1290,189,False,32,0,30,0,False,False,UHA-1290.html,
1291,189,False,13,0,24,0,False,False,UHA-1291.html,
1292,190,False,17,0,2,0,False,False,UHA-1292.html,
1293,190,False,5,0,18,0,False,False,UHA-1293.html,
1294,190,False,15,0,21,0,False,False,UHA-1294.html,
1295,190,False,31,0,8,0,False,False,UHA-1295.html,
1296,190,False,1,0,14,0,False,False,UHA-1296.html,
1297,190,False,32,0,28,0,False,False,UHA-1297.html,
1298,190,False,7,0,4,0,False,False,UHA-1298.html,
1299,190,False,22,0,25,0,False,False,UHA-1299.html,
1300,190,False,13,0,29,0,False,False,UHA-1300.html,
1301,191,False,9,0,3,0,False,False,UHA-1301.html,
1302,191,False,19,0,26,0,False,False,UHA-1302.html,
1303,191,False,10,0,12,0,False,False,UHA-1303.html,
1304,191,False,27,0,20,0,False,False,UHA-1304.html,
1305,191,False,23,0,6,0,False,False,UHA-1305.html,
1306,191,False,24,0,30,0,False,False,UHA-1306.html,
1307,192,False,1,0,16,0,False,False,UHA-1307.html,
1308,192,False,23,0,32,0,False,False,UHA-1308.html,
1309,192,False,25,0,28,0,False,False,UHA-1309.html,
1310,192,False,13,0,4,0,False,False,UHA-1310.html,
1311,192,False,29,0,11,0,False,False,UHA-1311.html,
1312,192,False,24,0,7,0,False,False,UHA-1312.html,
